---- 커뮤니티 관련 데이터 입력
--210602_1243_커뮤니티샘플데이터
--커뮤니티 관련 멤버 생성
INSERT INTO MEMBER VALUES('iin22','1234','222222','jack','seoul','1','iin22@naver.com','01011112222','1');
INSERT INTO MEMBER VALUES('iin33','1234','222222','김기수','seoul','1','iin33@naver.com','01011112222','1');
INSERT INTO MEMBER VALUES('iin44','1234','222222','이지은','seoul','2','iin44@naver.com','01011112222','1');

--커뮤니티 게시글 생성 
INSERT INTO board VALUES(001,1,'iin22','[HOT] 언택트 집.콕. 취준 꿀팁','언택트 취준 꿀팁 내용입니다!',null,0,TO_DATE('2020-07-28 13:20:30','YYYY-MM-DD HH24:MI:SS'),'#언택트#취준',0,null,1,1,1);
INSERT INTO board VALUES(001,2,'iin22','브랜드 홍보의 달인, 마케팅 기획자','냉무',null,0,TO_DATE('2020-07-28 14:20:30','YYYY-MM-DD HH24:MI:SS'),'#마케팅#인터뷰',0,null,2,1,1);
INSERT INTO board VALUES(001,3,'iin22','<기업별 연봉 인기순위 TOP 10>','냉무',null,0,TO_DATE('2020-07-29 00:00:30','YYYY-MM-DD HH24:MI:SS'),'#연봉',0,null,3,1,1);
INSERT INTO board VALUES(001,121,'iin33','[HOT] 언택트 집.콕. 취준 꿀팁','언택트 취준 꿀팁 내용입니다!',null,0,TO_DATE('2021-05-28 13:20:30','YYYY-MM-DD HH24:MI:SS'),'#언택트#취준',0,null,121,1,1);
INSERT INTO board VALUES(001,122,'iin44','브랜드 홍보의 달인, 마케팅 기획자','냉무',null,0,TO_DATE('2021-05-28 14:20:30','YYYY-MM-DD HH24:MI:SS'),'#마케팅#인터뷰',0,null,122,1,1);
INSERT INTO board VALUES(001,123,'iin22','<기업별 연봉 인기순위 TOP 10>','냉무',null,0,TO_DATE('2021-05-29 00:00:30','YYYY-MM-DD HH24:MI:SS'),'#연봉',0,null,123,1,1);
INSERT INTO board VALUES(001,124,'iin22','[HOT] 언택트 집.콕. 취준 꿀팁','언택트 취준 꿀팁 내용입니다!',null,0,TO_DATE('2021-06-28 13:20:30','YYYY-MM-DD HH24:MI:SS'),'#언택트#취준',0,null,124,1,1);
INSERT INTO board VALUES(001,125,'iin33','브랜드 홍보의 달인, 마케팅 기획자','냉무',null,0,TO_DATE('2021-06-28 14:20:30','YYYY-MM-DD HH24:MI:SS'),'#마케팅#인터뷰',0,null,125,1,1);
INSERT INTO board VALUES(001,126,'iin22','<기업별 연봉 인기순위 TOP 10>','냉무',null,0,TO_DATE('2021-06-29 00:00:30','YYYY-MM-DD HH24:MI:SS'),'#연봉',0,null,126,1,1);
INSERT INTO board VALUES(001,127,'iin44','[HOT] 언택트 집.콕. 취준 꿀팁','언택트 취준 꿀팁 내용입니다!',null,0,TO_DATE('2021-07-28 13:20:30','YYYY-MM-DD HH24:MI:SS'),'#언택트#취준',0,null,127,1,1);
INSERT INTO board VALUES(001,128,'iin33','브랜드 홍보의 달인, 마케팅 기획자','냉무',null,0,TO_DATE('2021-07-28 14:20:30','YYYY-MM-DD HH24:MI:SS'),'#마케팅#인터뷰',0,null,128,1,1);
INSERT INTO board VALUES(001,129,'iin22','<기업별 연봉 인기순위 TOP 10>','냉무',null,0,TO_DATE('2021-07-29 00:00:30','YYYY-MM-DD HH24:MI:SS'),'#연봉',0,null,129,1,1);
INSERT INTO board VALUES(001,130,'iin44','[HOT] 언택트 집.콕. 취준 꿀팁','언택트 취준 꿀팁 내용입니다!',null,0,TO_DATE('2021-08-03 13:20:30','YYYY-MM-DD HH24:MI:SS'),'#언택트#취준',0,null,130,1,1);
INSERT INTO board VALUES(001,131,'iin33','[HOT] 언택트 집.콕. 취준 꿀팁','언택트 취준 꿀팁 내용입니다!<br>언택트 취준 꿀팁 내용입니다!<br>언택트 취준 꿀팁 내용입니다!<br>언택트 취준 꿀팁 내용입니다!<br>언택트 취준 꿀팁 내용입니다!<br>언택트 취준 꿀팁 내용입니다!<br>언택트 취준 꿀팁 내용입니다!<br>',null,0,TO_DATE('2021-08-04 11:00:23','YYYY-MM-DD HH24:MI:SS'),'#언택트#취준',0,null,131,1,1);

--커뮤니티 글 더미용
INSERT INTO board VALUES(001,12,'iin22','더미용','냉무',null,0,TO_DATE('2021-01-03 00:00:30','YYYY-MM-DD HH24:MI:SS'),'#연봉',0,null,12,1,1);
INSERT INTO board VALUES(001,13,'iin22','더미용','냉무',null,0,TO_DATE('2021-01-03 00:00:30','YYYY-MM-DD HH24:MI:SS'),'#연봉',0,null,13,1,1);
INSERT INTO board VALUES(001,14,'iin22','더미용','냉무',null,0,TO_DATE('2021-01-03 00:00:30','YYYY-MM-DD HH24:MI:SS'),'#연봉',0,null,14,1,1);
INSERT INTO board VALUES(001,15,'iin22','더미용','냉무',null,0,TO_DATE('2021-01-03 00:00:30','YYYY-MM-DD HH24:MI:SS'),'#연봉',0,null,15,1,1);
INSERT INTO board VALUES(001,16,'iin22','더미용','냉무',null,0,TO_DATE('2021-01-03 00:00:30','YYYY-MM-DD HH24:MI:SS'),'#연봉',0,null,16,1,1);
INSERT INTO board VALUES(001,17,'iin22','더미용','냉무',null,0,TO_DATE('2021-01-03 00:00:30','YYYY-MM-DD HH24:MI:SS'),'#연봉',0,null,17,1,1);
INSERT INTO board VALUES(001,18,'iin22','더미용','냉무',null,0,TO_DATE('2021-01-03 00:00:30','YYYY-MM-DD HH24:MI:SS'),'#연봉',0,null,18,1,1);
INSERT INTO board VALUES(001,19,'iin22','더미용','냉무',null,0,TO_DATE('2021-01-03 00:00:30','YYYY-MM-DD HH24:MI:SS'),'#연봉',0,null,19,1,1);
INSERT INTO board VALUES(001,20,'iin22','더미용','냉무',null,0,TO_DATE('2021-01-03 00:00:30','YYYY-MM-DD HH24:MI:SS'),'#연봉',0,null,20,1,1);
INSERT INTO board VALUES(001,21,'iin22','더미용','냉무',null,0,TO_DATE('2021-01-03 00:00:30','YYYY-MM-DD HH24:MI:SS'),'#연봉',0,null,21,1,1);
INSERT INTO board VALUES(001,22,'iin22','더미용','냉무',null,0,TO_DATE('2021-01-03 00:00:30','YYYY-MM-DD HH24:MI:SS'),'#연봉',0,null,22,1,1);
INSERT INTO board VALUES(001,23,'iin22','더미용','냉무',null,0,TO_DATE('2021-01-03 00:00:30','YYYY-MM-DD HH24:MI:SS'),'#연봉',0,null,23,1,1);
INSERT INTO board VALUES(001,24,'iin22','더미용','냉무',null,0,TO_DATE('2021-01-03 00:00:30','YYYY-MM-DD HH24:MI:SS'),'#연봉',0,null,24,1,1);
INSERT INTO board VALUES(001,25,'iin22','더미용','냉무',null,0,TO_DATE('2021-01-03 00:00:30','YYYY-MM-DD HH24:MI:SS'),'#연봉',0,null,25,1,1);
INSERT INTO board VALUES(001,26,'iin22','더미용','냉무',null,0,TO_DATE('2021-01-03 00:00:30','YYYY-MM-DD HH24:MI:SS'),'#연봉',0,null,26,1,1);
INSERT INTO board VALUES(001,27,'iin22','더미용','냉무',null,0,TO_DATE('2021-01-03 00:00:30','YYYY-MM-DD HH24:MI:SS'),'#연봉',0,null,27,1,1);
INSERT INTO board VALUES(001,28,'iin22','더미용','냉무',null,0,TO_DATE('2021-01-03 00:00:30','YYYY-MM-DD HH24:MI:SS'),'#연봉',0,null,28,1,1);
INSERT INTO board VALUES(001,29,'iin22','더미용','냉무',null,0,TO_DATE('2021-01-03 00:00:30','YYYY-MM-DD HH24:MI:SS'),'#연봉',0,null,29,1,1);
INSERT INTO board VALUES(001,30,'iin22','더미용','냉무',null,0,TO_DATE('2021-01-03 00:00:30','YYYY-MM-DD HH24:MI:SS'),'#연봉',0,null,30,1,1);
INSERT INTO board VALUES(001,31,'iin22','더미용','냉무',null,0,TO_DATE('2021-01-03 00:00:30','YYYY-MM-DD HH24:MI:SS'),'#연봉',0,null,31,1,1);
INSERT INTO board VALUES(001,32,'iin22','더미용','냉무',null,0,TO_DATE('2021-01-03 00:00:30','YYYY-MM-DD HH24:MI:SS'),'#연봉',0,null,32,1,1);
INSERT INTO board VALUES(001,33,'iin22','더미용','냉무',null,0,TO_DATE('2021-01-03 00:00:30','YYYY-MM-DD HH24:MI:SS'),'#연봉',0,null,33,1,1);
INSERT INTO board VALUES(001,34,'iin22','더미용','냉무',null,0,TO_DATE('2021-01-03 00:00:30','YYYY-MM-DD HH24:MI:SS'),'#연봉',0,null,34,1,1);
INSERT INTO board VALUES(001,35,'iin22','더미용','냉무',null,0,TO_DATE('2021-01-03 00:00:30','YYYY-MM-DD HH24:MI:SS'),'#연봉',0,null,35,1,1);
INSERT INTO board VALUES(001,36,'iin22','더미용','냉무',null,0,TO_DATE('2021-01-03 00:00:30','YYYY-MM-DD HH24:MI:SS'),'#연봉',0,null,36,1,1);
INSERT INTO board VALUES(001,37,'iin22','더미용','냉무',null,0,TO_DATE('2021-01-03 00:00:30','YYYY-MM-DD HH24:MI:SS'),'#연봉',0,null,37,1,1);
INSERT INTO board VALUES(001,38,'iin22','더미용','냉무',null,0,TO_DATE('2021-01-03 00:00:30','YYYY-MM-DD HH24:MI:SS'),'#연봉',0,null,38,1,1);
INSERT INTO board VALUES(001,39,'iin22','더미용','냉무',null,0,TO_DATE('2021-01-03 00:00:30','YYYY-MM-DD HH24:MI:SS'),'#연봉',0,null,39,1,1);
INSERT INTO board VALUES(001,40,'iin22','더미용','냉무',null,0,TO_DATE('2021-01-03 00:00:30','YYYY-MM-DD HH24:MI:SS'),'#연봉',0,null,40,1,1);
INSERT INTO board VALUES(001,41,'iin22','더미용','냉무',null,0,TO_DATE('2021-01-03 00:00:30','YYYY-MM-DD HH24:MI:SS'),'#연봉',0,null,41,1,1);
INSERT INTO board VALUES(001,42,'iin22','더미용','냉무',null,0,TO_DATE('2021-01-03 00:00:30','YYYY-MM-DD HH24:MI:SS'),'#연봉',0,null,42,1,1);
INSERT INTO board VALUES(001,43,'iin22','더미용','냉무',null,0,TO_DATE('2021-01-03 00:00:30','YYYY-MM-DD HH24:MI:SS'),'#연봉',0,null,43,1,1);
INSERT INTO board VALUES(001,44,'iin22','더미용','냉무',null,0,TO_DATE('2021-01-03 00:00:30','YYYY-MM-DD HH24:MI:SS'),'#연봉',0,null,44,1,1);
INSERT INTO board VALUES(001,45,'iin22','더미용','냉무',null,0,TO_DATE('2021-01-03 00:00:30','YYYY-MM-DD HH24:MI:SS'),'#연봉',0,null,45,1,1);
INSERT INTO board VALUES(001,46,'iin22','더미용','냉무',null,0,TO_DATE('2021-01-03 00:00:30','YYYY-MM-DD HH24:MI:SS'),'#연봉',0,null,46,1,1);
INSERT INTO board VALUES(001,47,'iin22','더미용','냉무',null,0,TO_DATE('2021-01-03 00:00:30','YYYY-MM-DD HH24:MI:SS'),'#연봉',0,null,47,1,1);
INSERT INTO board VALUES(001,48,'iin22','더미용','냉무',null,0,TO_DATE('2021-01-03 00:00:30','YYYY-MM-DD HH24:MI:SS'),'#연봉',0,null,48,1,1);
INSERT INTO board VALUES(001,49,'iin22','더미용','냉무',null,0,TO_DATE('2021-01-03 00:00:30','YYYY-MM-DD HH24:MI:SS'),'#연봉',0,null,49,1,1);
INSERT INTO board VALUES(001,50,'iin22','더미용','냉무',null,0,TO_DATE('2021-01-03 00:00:30','YYYY-MM-DD HH24:MI:SS'),'#연봉',0,null,50,1,1);
INSERT INTO board VALUES(001,51,'iin22','더미용','냉무',null,0,TO_DATE('2021-01-03 00:00:30','YYYY-MM-DD HH24:MI:SS'),'#연봉',0,null,51,1,1);
INSERT INTO board VALUES(001,52,'iin22','더미용','냉무',null,0,TO_DATE('2021-01-03 00:00:30','YYYY-MM-DD HH24:MI:SS'),'#연봉',0,null,52,1,1);
INSERT INTO board VALUES(001,53,'iin22','더미용','냉무',null,0,TO_DATE('2021-01-03 00:00:30','YYYY-MM-DD HH24:MI:SS'),'#연봉',0,null,53,1,1);
INSERT INTO board VALUES(001,54,'iin22','더미용','냉무',null,0,TO_DATE('2021-01-03 00:00:30','YYYY-MM-DD HH24:MI:SS'),'#연봉',0,null,54,1,1);
INSERT INTO board VALUES(001,55,'iin22','더미용','냉무',null,0,TO_DATE('2021-01-03 00:00:30','YYYY-MM-DD HH24:MI:SS'),'#연봉',0,null,55,1,1);
INSERT INTO board VALUES(001,56,'iin22','더미용','냉무',null,0,TO_DATE('2021-01-03 00:00:30','YYYY-MM-DD HH24:MI:SS'),'#연봉',0,null,56,1,1);
INSERT INTO board VALUES(001,57,'iin22','더미용','냉무',null,0,TO_DATE('2021-01-03 00:00:30','YYYY-MM-DD HH24:MI:SS'),'#연봉',0,null,57,1,1);
INSERT INTO board VALUES(001,58,'iin22','더미용','냉무',null,0,TO_DATE('2021-01-03 00:00:30','YYYY-MM-DD HH24:MI:SS'),'#연봉',0,null,58,1,1);
INSERT INTO board VALUES(001,59,'iin22','더미용','냉무',null,0,TO_DATE('2021-01-03 00:00:30','YYYY-MM-DD HH24:MI:SS'),'#연봉',0,null,59,1,1);
INSERT INTO board VALUES(001,60,'iin22','더미용','냉무',null,0,TO_DATE('2021-01-03 00:00:30','YYYY-MM-DD HH24:MI:SS'),'#연봉',0,null,60,1,1);
INSERT INTO board VALUES(001,61,'iin22','더미용','냉무',null,0,TO_DATE('2021-01-03 00:00:30','YYYY-MM-DD HH24:MI:SS'),'#연봉',0,null,61,1,1);
INSERT INTO board VALUES(001,62,'iin22','더미용','냉무',null,0,TO_DATE('2021-01-03 00:00:30','YYYY-MM-DD HH24:MI:SS'),'#연봉',0,null,62,1,1);
INSERT INTO board VALUES(001,63,'iin22','더미용','냉무',null,0,TO_DATE('2021-01-03 00:00:30','YYYY-MM-DD HH24:MI:SS'),'#연봉',0,null,63,1,1);
INSERT INTO board VALUES(001,64,'iin22','더미용','냉무',null,0,TO_DATE('2021-01-03 00:00:30','YYYY-MM-DD HH24:MI:SS'),'#연봉',0,null,64,1,1);
INSERT INTO board VALUES(001,65,'iin22','더미용','냉무',null,0,TO_DATE('2021-01-03 00:00:30','YYYY-MM-DD HH24:MI:SS'),'#연봉',0,null,65,1,1);
INSERT INTO board VALUES(001,66,'iin22','더미용','냉무',null,0,TO_DATE('2021-01-03 00:00:30','YYYY-MM-DD HH24:MI:SS'),'#연봉',0,null,66,1,1);
INSERT INTO board VALUES(001,67,'iin22','더미용','냉무',null,0,TO_DATE('2021-01-03 00:00:30','YYYY-MM-DD HH24:MI:SS'),'#연봉',0,null,67,1,1);
INSERT INTO board VALUES(001,68,'iin22','더미용','냉무',null,0,TO_DATE('2021-01-03 00:00:30','YYYY-MM-DD HH24:MI:SS'),'#연봉',0,null,68,1,1);
INSERT INTO board VALUES(001,69,'iin22','더미용','냉무',null,0,TO_DATE('2021-01-03 00:00:30','YYYY-MM-DD HH24:MI:SS'),'#연봉',0,null,69,1,1);
INSERT INTO board VALUES(001,70,'iin22','더미용','냉무',null,0,TO_DATE('2021-01-03 00:00:30','YYYY-MM-DD HH24:MI:SS'),'#연봉',0,null,70,1,1);
INSERT INTO board VALUES(001,71,'iin22','더미용','냉무',null,0,TO_DATE('2021-01-03 00:00:30','YYYY-MM-DD HH24:MI:SS'),'#연봉',0,null,71,1,1);
INSERT INTO board VALUES(001,72,'iin22','더미용','냉무',null,0,TO_DATE('2021-01-03 00:00:30','YYYY-MM-DD HH24:MI:SS'),'#연봉',0,null,72,1,1);
INSERT INTO board VALUES(001,73,'iin22','더미용','냉무',null,0,TO_DATE('2021-01-03 00:00:30','YYYY-MM-DD HH24:MI:SS'),'#연봉',0,null,73,1,1);
INSERT INTO board VALUES(001,74,'iin22','더미용','냉무',null,0,TO_DATE('2021-01-03 00:00:30','YYYY-MM-DD HH24:MI:SS'),'#연봉',0,null,74,1,1);
INSERT INTO board VALUES(001,75,'iin22','더미용','냉무',null,0,TO_DATE('2021-01-03 00:00:30','YYYY-MM-DD HH24:MI:SS'),'#연봉',0,null,75,1,1);
INSERT INTO board VALUES(001,76,'iin22','더미용','냉무',null,0,TO_DATE('2021-01-03 00:00:30','YYYY-MM-DD HH24:MI:SS'),'#연봉',0,null,76,1,1);
INSERT INTO board VALUES(001,77,'iin22','더미용','냉무',null,0,TO_DATE('2021-01-03 00:00:30','YYYY-MM-DD HH24:MI:SS'),'#연봉',0,null,77,1,1);
INSERT INTO board VALUES(001,78,'iin22','더미용','냉무',null,0,TO_DATE('2021-01-03 00:00:30','YYYY-MM-DD HH24:MI:SS'),'#연봉',0,null,78,1,1);
INSERT INTO board VALUES(001,79,'iin22','더미용','냉무',null,0,TO_DATE('2021-01-03 00:00:30','YYYY-MM-DD HH24:MI:SS'),'#연봉',0,null,79,1,1);
INSERT INTO board VALUES(001,80,'iin22','더미용','냉무',null,0,TO_DATE('2021-01-03 00:00:30','YYYY-MM-DD HH24:MI:SS'),'#연봉',0,null,80,1,1);
INSERT INTO board VALUES(001,81,'iin22','더미용','냉무',null,0,TO_DATE('2021-01-03 00:00:30','YYYY-MM-DD HH24:MI:SS'),'#연봉',0,null,81,1,1);
INSERT INTO board VALUES(001,82,'iin22','더미용','냉무',null,0,TO_DATE('2021-01-03 00:00:30','YYYY-MM-DD HH24:MI:SS'),'#연봉',0,null,82,1,1);
INSERT INTO board VALUES(001,83,'iin22','더미용','냉무',null,0,TO_DATE('2021-01-03 00:00:30','YYYY-MM-DD HH24:MI:SS'),'#연봉',0,null,83,1,1);
INSERT INTO board VALUES(001,84,'iin22','더미용','냉무',null,0,TO_DATE('2021-01-03 00:00:30','YYYY-MM-DD HH24:MI:SS'),'#연봉',0,null,84,1,1);
INSERT INTO board VALUES(001,85,'iin22','더미용','냉무',null,0,TO_DATE('2021-01-03 00:00:30','YYYY-MM-DD HH24:MI:SS'),'#연봉',0,null,85,1,1);
INSERT INTO board VALUES(001,86,'iin22','더미용','냉무',null,0,TO_DATE('2021-01-03 00:00:30','YYYY-MM-DD HH24:MI:SS'),'#연봉',0,null,86,1,1);
INSERT INTO board VALUES(001,87,'iin22','더미용','냉무',null,0,TO_DATE('2021-01-03 00:00:30','YYYY-MM-DD HH24:MI:SS'),'#연봉',0,null,87,1,1);
INSERT INTO board VALUES(001,88,'iin22','더미용','냉무',null,0,TO_DATE('2021-01-03 00:00:30','YYYY-MM-DD HH24:MI:SS'),'#연봉',0,null,88,1,1);
INSERT INTO board VALUES(001,89,'iin22','더미용','냉무',null,0,TO_DATE('2021-01-03 00:00:30','YYYY-MM-DD HH24:MI:SS'),'#연봉',0,null,89,1,1);
INSERT INTO board VALUES(001,90,'iin22','더미용','냉무',null,0,TO_DATE('2021-01-03 00:00:30','YYYY-MM-DD HH24:MI:SS'),'#연봉',0,null,90,1,1);
INSERT INTO board VALUES(001,91,'iin22','더미용','냉무',null,0,TO_DATE('2021-01-03 00:00:30','YYYY-MM-DD HH24:MI:SS'),'#연봉',0,null,91,1,1);
INSERT INTO board VALUES(001,92,'iin22','더미용','냉무',null,0,TO_DATE('2021-01-03 00:00:30','YYYY-MM-DD HH24:MI:SS'),'#연봉',0,null,92,1,1);
INSERT INTO board VALUES(001,93,'iin22','더미용','냉무',null,0,TO_DATE('2021-01-03 00:00:30','YYYY-MM-DD HH24:MI:SS'),'#연봉',0,null,93,1,1);
INSERT INTO board VALUES(001,94,'iin22','더미용','냉무',null,0,TO_DATE('2021-01-03 00:00:30','YYYY-MM-DD HH24:MI:SS'),'#연봉',0,null,94,1,1);
INSERT INTO board VALUES(001,95,'iin22','더미용','냉무',null,0,TO_DATE('2021-01-03 00:00:30','YYYY-MM-DD HH24:MI:SS'),'#연봉',0,null,95,1,1);
INSERT INTO board VALUES(001,96,'iin22','더미용','냉무',null,0,TO_DATE('2021-01-03 00:00:30','YYYY-MM-DD HH24:MI:SS'),'#연봉',0,null,96,1,1);
INSERT INTO board VALUES(001,97,'iin22','더미용','냉무',null,0,TO_DATE('2021-01-03 00:00:30','YYYY-MM-DD HH24:MI:SS'),'#연봉',0,null,97,1,1);
INSERT INTO board VALUES(001,98,'iin22','더미용','냉무',null,0,TO_DATE('2021-01-03 00:00:30','YYYY-MM-DD HH24:MI:SS'),'#연봉',0,null,98,1,1);
INSERT INTO board VALUES(001,99,'iin22','더미용','냉무',null,0,TO_DATE('2021-01-03 00:00:30','YYYY-MM-DD HH24:MI:SS'),'#연봉',0,null,99,1,1);
INSERT INTO board VALUES(001,100,'iin22','더미용','냉무',null,0,TO_DATE('2021-01-03 00:00:30','YYYY-MM-DD HH24:MI:SS'),'#연봉',0,null,100,1,1);
INSERT INTO board VALUES(001,101,'iin22','더미용','냉무',null,0,TO_DATE('2021-01-03 00:00:30','YYYY-MM-DD HH24:MI:SS'),'#연봉',0,null,101,1,1);
INSERT INTO board VALUES(001,102,'iin22','더미용','냉무',null,0,TO_DATE('2021-01-03 00:00:30','YYYY-MM-DD HH24:MI:SS'),'#연봉',0,null,102,1,1);
INSERT INTO board VALUES(001,103,'iin22','더미용','냉무',null,0,TO_DATE('2021-01-03 00:00:30','YYYY-MM-DD HH24:MI:SS'),'#연봉',0,null,103,1,1);
INSERT INTO board VALUES(001,104,'iin22','더미용','냉무',null,0,TO_DATE('2021-01-03 00:00:30','YYYY-MM-DD HH24:MI:SS'),'#연봉',0,null,104,1,1);
INSERT INTO board VALUES(001,105,'iin22','더미용','냉무',null,0,TO_DATE('2021-01-03 00:00:30','YYYY-MM-DD HH24:MI:SS'),'#연봉',0,null,105,1,1);
INSERT INTO board VALUES(001,106,'iin22','더미용','냉무',null,0,TO_DATE('2021-01-03 00:00:30','YYYY-MM-DD HH24:MI:SS'),'#연봉',0,null,106,1,1);
INSERT INTO board VALUES(001,107,'iin22','더미용','냉무',null,0,TO_DATE('2021-01-03 00:00:30','YYYY-MM-DD HH24:MI:SS'),'#연봉',0,null,107,1,1);
INSERT INTO board VALUES(001,108,'iin22','더미용','냉무',null,0,TO_DATE('2021-01-03 00:00:30','YYYY-MM-DD HH24:MI:SS'),'#연봉',0,null,108,1,1);
INSERT INTO board VALUES(001,109,'iin22','더미용','냉무',null,0,TO_DATE('2021-01-03 00:00:30','YYYY-MM-DD HH24:MI:SS'),'#연봉',0,null,109,1,1);
INSERT INTO board VALUES(001,110,'iin22','더미용','냉무',null,0,TO_DATE('2021-01-03 00:00:30','YYYY-MM-DD HH24:MI:SS'),'#연봉',0,null,110,1,1);
INSERT INTO board VALUES(001,111,'iin22','더미용','냉무',null,0,TO_DATE('2021-01-03 00:00:30','YYYY-MM-DD HH24:MI:SS'),'#연봉',0,null,111,1,1);
INSERT INTO board VALUES(001,112,'iin22','더미용','냉무',null,0,TO_DATE('2021-01-03 00:00:30','YYYY-MM-DD HH24:MI:SS'),'#연봉',0,null,112,1,1);
INSERT INTO board VALUES(001,113,'iin22','더미용','냉무',null,0,TO_DATE('2021-01-03 00:00:30','YYYY-MM-DD HH24:MI:SS'),'#연봉',0,null,113,1,1);
INSERT INTO board VALUES(001,114,'iin22','더미용','냉무',null,0,TO_DATE('2021-01-03 00:00:30','YYYY-MM-DD HH24:MI:SS'),'#연봉',0,null,114,1,1);
INSERT INTO board VALUES(001,115,'iin22','더미용','냉무',null,0,TO_DATE('2021-01-03 00:00:30','YYYY-MM-DD HH24:MI:SS'),'#연봉',0,null,115,1,1);
INSERT INTO board VALUES(001,116,'iin22','더미용','냉무',null,0,TO_DATE('2021-01-03 00:00:30','YYYY-MM-DD HH24:MI:SS'),'#연봉',0,null,116,1,1);
INSERT INTO board VALUES(001,117,'iin22','더미용','냉무',null,0,TO_DATE('2021-01-03 00:00:30','YYYY-MM-DD HH24:MI:SS'),'#연봉',0,null,117,1,1);
INSERT INTO board VALUES(001,118,'iin22','더미용','냉무',null,0,TO_DATE('2021-01-03 00:00:30','YYYY-MM-DD HH24:MI:SS'),'#연봉',0,null,118,1,1);
INSERT INTO board VALUES(001,119,'iin22','더미용','냉무',null,0,TO_DATE('2021-01-03 00:00:30','YYYY-MM-DD HH24:MI:SS'),'#연봉',0,null,119,1,1);
INSERT INTO board VALUES(001,120,'iin22','더미용','냉무',null,0,TO_DATE('2021-01-03 00:00:30','YYYY-MM-DD HH24:MI:SS'),'#연봉',0,null,120,1,1);

--커뮤니티 댓글 생성
INSERT INTO comments VALUES(001,1,1,'iin44','꿀팁감사합니다!!',TO_DATE('2021-05-29 11:00:30','YYYY-MM-DD HH24:MI:SS'),1,1,1);
INSERT INTO comments VALUES(001,1,3,'iin22','네^^',TO_DATE('2021-05-29 11:02:30','YYYY-MM-DD HH24:MI:SS'),1,2,2);
INSERT INTO comments VALUES(001,1,5,'iin22','대댓글테스트용5',TO_DATE('2021-05-30 11:02:30','YYYY-MM-DD HH24:MI:SS'),1,3,2);
INSERT INTO comments VALUES(001,1,7,'iin22','대댓글테스트용7',TO_DATE('2021-05-30 11:02:30','YYYY-MM-DD HH24:MI:SS'),1,4,3);
INSERT INTO comments VALUES(001,1,6,'iin22','대댓글테스트용6',TO_DATE('2021-05-30 11:02:30','YYYY-MM-DD HH24:MI:SS'),1,5,2);
INSERT INTO comments VALUES(001,1,2,'iin33','좋아요',TO_DATE('2021-05-29 11:01:30','YYYY-MM-DD HH24:MI:SS'),2,1,1);
INSERT INTO comments VALUES(001,1,4,'iin44','굿굿',TO_DATE('2021-05-29 11:03:30','YYYY-MM-DD HH24:MI:SS'),4,1,1);