--------------------------------------------------------
--  파일이 생성됨 - 월요일-6월-21-2021   
--------------------------------------------------------
REM INSERTING into MEMBER
SET DEFINE OFF;
Insert into MEMBER (M_ID,M_PASS,M_BIRTH,M_NAME,M_ADDR,M_GENDER,M_EMAIL,M_PHONE,M_TF) values ('iin22','1234','222222','jack','seoul','1','iin22@naver.com','01011112222','1');
Insert into MEMBER (M_ID,M_PASS,M_BIRTH,M_NAME,M_ADDR,M_GENDER,M_EMAIL,M_PHONE,M_TF) values ('iin33','1234','222222','김기수','seoul','1','iin33@naver.com','01011112222','1');
Insert into MEMBER (M_ID,M_PASS,M_BIRTH,M_NAME,M_ADDR,M_GENDER,M_EMAIL,M_PHONE,M_TF) values ('iin44','1234','222222','이지은','seoul','2','iin44@naver.com','01011112222','1');
Insert into MEMBER (M_ID,M_PASS,M_BIRTH,M_NAME,M_ADDR,M_GENDER,M_EMAIL,M_PHONE,M_TF) values ('noi5176@gmail.com',null,null,null,null,null,'noi5176@gmail.com',null,'1');
Insert into MEMBER (M_ID,M_PASS,M_BIRTH,M_NAME,M_ADDR,M_GENDER,M_EMAIL,M_PHONE,M_TF) values ('asdasd','1234','22220911','asdasd','12341234','male','asd@asd','12341234','1');
Insert into MEMBER (M_ID,M_PASS,M_BIRTH,M_NAME,M_ADDR,M_GENDER,M_EMAIL,M_PHONE,M_TF) values ('이마트','1234','20110503','강희석','서울 성동구 성수동2가 333-16 이마트본사','대형 마트','24,649명','14조 2천억원','0');
Insert into MEMBER (M_ID,M_PASS,M_BIRTH,M_NAME,M_ADDR,M_GENDER,M_EMAIL,M_PHONE,M_TF) values ('신세계 푸드','1234','19791011','송현석','서울 성동구 성수일로56, 4-7층','기관 구내식당업','3,444명','1조 2,261억원','0');
Insert into MEMBER (M_ID,M_PASS,M_BIRTH,M_NAME,M_ADDR,M_GENDER,M_EMAIL,M_PHONE,M_TF) values ('쿠팡','1234','20130215','강한승/박대준','서울 송파구 송파대로570, 18층','전자상거래 소매업','6,372명','13조 9,257억 6,800만원','0');
Insert into MEMBER (M_ID,M_PASS,M_BIRTH,M_NAME,M_ADDR,M_GENDER,M_EMAIL,M_PHONE,M_TF) values ('admin','1234','222222','이지은','seoul','2','iin44@naver.com','01011112222','3');
Insert into MEMBER (M_ID,M_PASS,M_BIRTH,M_NAME,M_ADDR,M_GENDER,M_EMAIL,M_PHONE,M_TF) values ('마키나락스','1234','20171221','윤성호/이재혁','서울 서초구 서초대로77길 17, 12층','솔루션·SI·CRM·ERP','-','9억 2,250만원','0');
Insert into MEMBER (M_ID,M_PASS,M_BIRTH,M_NAME,M_ADDR,M_GENDER,M_EMAIL,M_PHONE,M_TF) values ('현대IT','1234','20131121','장제만','서울 강동구 상일로10길 36 (상일동, 세종텔레콤지식산업센터) 5층 현대아이티','전기·전자·제어','60명 ','233억원','0');
Insert into MEMBER (M_ID,M_PASS,M_BIRTH,M_NAME,M_ADDR,M_GENDER,M_EMAIL,M_PHONE,M_TF) values ('중앙대병원','1234','-','이한준','서울 동작구 흑석로102','종합 병원','-','2,341억 6,908만원','0');
Insert into MEMBER (M_ID,M_PASS,M_BIRTH,M_NAME,M_ADDR,M_GENDER,M_EMAIL,M_PHONE,M_TF) values ('에버랜드','1234','-','정금용','경기 용인시 처인구 에버랜드로 199 (전대리, 삼성에버랜드) 에버랜드','서비스업','-','-','0');
Insert into MEMBER (M_ID,M_PASS,M_BIRTH,M_NAME,M_ADDR,M_GENDER,M_EMAIL,M_PHONE,M_TF) values ('롯데월드','1234','19870301','최홍훈','서울 송파구 잠실동 40-1 호텔롯데 롯데월드','서비스업','2,400명','4,000억원','0');
Insert into MEMBER (M_ID,M_PASS,M_BIRTH,M_NAME,M_ADDR,M_GENDER,M_EMAIL,M_PHONE,M_TF) values ('삼성화재','1234','19520126','최영무','서울 중구 을지로1가 87 삼성화재빌딩 16층','증권·보험·카드','5,607명','23조 6천억원','0');
Insert into MEMBER (M_ID,M_PASS,M_BIRTH,M_NAME,M_ADDR,M_GENDER,M_EMAIL,M_PHONE,M_TF) values ('버거킹','1234','20121121','문영주','서울 종로구 삼봉로 71 (수송동, G타워) G타워 2F','음식료·외식·프랜차이즈','900명','-','0');
Insert into MEMBER (M_ID,M_PASS,M_BIRTH,M_NAME,M_ADDR,M_GENDER,M_EMAIL,M_PHONE,M_TF) values ('하나은행','1234','19670130','함영주','서울 서초구 남부순환로 2351 (서초동, 국제방송교류재단) 2층 KEB하나은행 방배남출장소','은행·금융','13,000명','-','0');
Insert into MEMBER (M_ID,M_PASS,M_BIRTH,M_NAME,M_ADDR,M_GENDER,M_EMAIL,M_PHONE,M_TF) values ('한화솔루션','1234','19740427','이구영/김희철/류두형/김동관/김은수','서울 중구 청계천로 86 (장교동, 한화빌딩) 한화케미칼','화학·에너지·환경','5,533명','5조 7,173억원','0');
Insert into MEMBER (M_ID,M_PASS,M_BIRTH,M_NAME,M_ADDR,M_GENDER,M_EMAIL,M_PHONE,M_TF) values ('트리플제이','1234','20201218','주성돈','서울 영등포구 여의나루로 67 (여의도동, 신송빌딩) 1205호-이에스19호','컨설팅·연구·조사','30명','-','0');
Insert into MEMBER (M_ID,M_PASS,M_BIRTH,M_NAME,M_ADDR,M_GENDER,M_EMAIL,M_PHONE,M_TF) values ('루이비통','1234','19910918','안토니마이클패트릭르드루','서울 강남구 삼성로 511 (삼성동, 골든타워) 골든타워','백화점·유통·도소매','809명','1조 467억원','0');
Insert into MEMBER (M_ID,M_PASS,M_BIRTH,M_NAME,M_ADDR,M_GENDER,M_EMAIL,M_PHONE,M_TF) values ('농협','1234','20070417','박태선','서울 영등포구 여의도동 45-3 NH농협캐피탈빌딩','캐피탈·대출','372명','4,148억 9천만원','0');
Insert into MEMBER (M_ID,M_PASS,M_BIRTH,M_NAME,M_ADDR,M_GENDER,M_EMAIL,M_PHONE,M_TF) values ('여기어때','1234','20150921','최문석','서울 강남구 봉은사로 479 (삼성동) 479타워 11층','포털·컨텐츠·커뮤니티','410명','1,000억원','0');
Insert into MEMBER (M_ID,M_PASS,M_BIRTH,M_NAME,M_ADDR,M_GENDER,M_EMAIL,M_PHONE,M_TF) values ('유니드','1234','19800510','이화영/정의승','서울 중구 을지로5길 19 (수하동, FERRUM TOWER) 17층 유니드','화학·에너지·환경','450명','8,140억원','0');
Insert into MEMBER (M_ID,M_PASS,M_BIRTH,M_NAME,M_ADDR,M_GENDER,M_EMAIL,M_PHONE,M_TF) values ('리치몬트','1234','19970401','이진원','서울 중구 퇴계로 100 스테이트타워 남산','백화점·유통·도소매','980명','1조 382억원','0');
Insert into MEMBER (M_ID,M_PASS,M_BIRTH,M_NAME,M_ADDR,M_GENDER,M_EMAIL,M_PHONE,M_TF) values ('이안한방병원','1234','-','김동호','경기 오산시 대원로 23 (원동) 이안한방병원','의료','-','-','0');
Insert into MEMBER (M_ID,M_PASS,M_BIRTH,M_NAME,M_ADDR,M_GENDER,M_EMAIL,M_PHONE,M_TF) values ('엔아이티','1234','19990423','박종문','경북 경산시 삼풍동 300 섬유기계연구소 301호','소프트웨어 도매업','7명','15억 4천만원','0');

REM INSERTING into RECRUIT
SET DEFINE OFF;
Insert into RECRUIT (RC_NUM,RC_NAME,RC_TITLE,RC_CONTENT,RC_SCRAP,RC_SALARY,RC_LINK,RC_DATE,RC_VIEW) values (1000,'신세계 푸드','안전관리자 정규직 채용','./image/hireLogo.png','./image/hire.png',3500,'www.shinsegaefood.com',to_date('21/05/02','RR/MM/DD'),3754533981270502329);
Insert into RECRUIT (RC_NUM,RC_NAME,RC_TITLE,RC_CONTENT,RC_SCRAP,RC_SALARY,RC_LINK,RC_DATE,RC_VIEW) values (1001,'쿠팡','풀스택 개발자 채용','./image/copanglogo.png','./image/copanghire.png',4500,'https://rocketyourcareer.kr.coupang.com/%ec%a7%81%eb%ac%b4/-/principal-web-full-stack-engineer-coupang-play/24450/19446668',to_date('21/04/28','RR/MM/DD'),3751581481270989293);
Insert into RECRUIT (RC_NUM,RC_NAME,RC_TITLE,RC_CONTENT,RC_SCRAP,RC_SALARY,RC_LINK,RC_DATE,RC_VIEW) values (1002,'이마트','STAFF채용','./image/emartlogo.png','./image/emarthire.png',2700,'https://rocketyourcareer.kr.coupang.com/%ec%a7%81%eb%ac%b4/-/principal-web-full-stack-engineer-coupang-play/24450/19446668',to_date('21/05/30','RR/MM/DD'),3757132071270227761);
Insert into RECRUIT (RC_NUM,RC_NAME,RC_TITLE,RC_CONTENT,RC_SCRAP,RC_SALARY,RC_LINK,RC_DATE,RC_VIEW) values (1003,'마키나락스','백엔드 개발자 채용','./image/makinarockslogo.png','./image/markinarockshire.png',5400,'https://www.makinarocks.ai/',to_date('21/05/26','RR/MM/DD'),3750056551270254046);
Insert into RECRUIT (RC_NUM,RC_NAME,RC_TITLE,RC_CONTENT,RC_SCRAP,RC_SALARY,RC_LINK,RC_DATE,RC_VIEW) values (1004,'현대IT','개발자 채용','./image/Hyundailogo.png','./image/Hyundaihire.png',2800,'http://www.hyundai-ite.com/index.jsp',to_date('21/03/16','RR/MM/DD'),3750731961270621945);
Insert into RECRUIT (RC_NUM,RC_NAME,RC_TITLE,RC_CONTENT,RC_SCRAP,RC_SALARY,RC_LINK,RC_DATE,RC_VIEW) values (1005,'중앙대병원','간호사 계약직 채용','./image/caulogo.png','./image/cauhire.png',4400,'http://recruit.caumc.or.kr/index.asp',to_date('21/04/15','RR/MM/DD'),3750680941269608074);
Insert into RECRUIT (RC_NUM,RC_NAME,RC_TITLE,RC_CONTENT,RC_SCRAP,RC_SALARY,RC_LINK,RC_DATE,RC_VIEW) values (1006,'에버랜드','의상팀 담당 채용','./image/everlandlogo.png','./image/everlandhire.png',3000,'https://www.everland.com/',to_date('21/05/05','RR/MM/DD'),3729449111272034936);
Insert into RECRUIT (RC_NUM,RC_NAME,RC_TITLE,RC_CONTENT,RC_SCRAP,RC_SALARY,RC_LINK,RC_DATE,RC_VIEW) values (1007,'롯데월드','캐스트 채용','./image/lotteworldlogo.png','./image/lotteworldhire.png',2800,'https://adventure.lotteworld.com/',to_date('21/04/13','RR/MM/DD'),3751111581270981670);
Insert into RECRUIT (RC_NUM,RC_NAME,RC_TITLE,RC_CONTENT,RC_SCRAP,RC_SALARY,RC_LINK,RC_DATE,RC_VIEW) values (1008,'삼성화재','자산 인프라 투자 운용 채용','./image/samsaunglogo.png','./image/samsunghire.png',6000,'http://www.samsungcareers.com/rec/apply/ComResumeServlet?cmd=pstMain#',to_date('21/05/09','RR/MM/DD'),3749599921270263614);
Insert into RECRUIT (RC_NUM,RC_NAME,RC_TITLE,RC_CONTENT,RC_SCRAP,RC_SALARY,RC_LINK,RC_DATE,RC_VIEW) values (1009,'버거킹','캐스트 채용','./image/bugerlogo.png','./image/bugerhire.png',4000,'https://www.burgerking.co.kr/#/home',to_date('21/04/14','RR/MM/DD'),3750315491270492977);
Insert into RECRUIT (RC_NUM,RC_NAME,RC_TITLE,RC_CONTENT,RC_SCRAP,RC_SALARY,RC_LINK,RC_DATE,RC_VIEW) values (1010,'하나은행','대학생 인턴모집 ','./image/hanalogo.png','./image/hanahire.png',2500,'https://www.kebhana.com/ ',to_date('21/04/15','RR/MM/DD'),3751082021270218835);
Insert into RECRUIT (RC_NUM,RC_NAME,RC_TITLE,RC_CONTENT,RC_SCRAP,RC_SALARY,RC_LINK,RC_DATE,RC_VIEW) values (1011,'한화솔루션','정규직 통합 채용','./image/hanhwalogo.png','./image/hanhwahire.png',5000,'https://www.hanwhasolutions.com/ko/ ',to_date('21/04/16','RR/MM/DD'),3756750631269859413);
Insert into RECRUIT (RC_NUM,RC_NAME,RC_TITLE,RC_CONTENT,RC_SCRAP,RC_SALARY,RC_LINK,RC_DATE,RC_VIEW) values (1012,'트리플제이','각 부문 정규 채용','./image/JJJlogo.png','./image/JJJhire.png',3800,'https://www.jobkorea.co.kr/Recruit/Co_Read/C/triplej0108/Company_name/%ED%8A%B8%EB%A6%AC%ED%94%8C%EC%A0%9C%EC%9D%B4%E3%88%9C ',to_date('21/04/17','RR/MM/DD'),3757326431270154353);
Insert into RECRUIT (RC_NUM,RC_NAME,RC_TITLE,RC_CONTENT,RC_SCRAP,RC_SALARY,RC_LINK,RC_DATE,RC_VIEW) values (1013,'루이비통','신입/경력 채용','./image/loulogo.png','./image/louhire.png',4700,'https://kr.louisvuitton.com/kor-kr/homepage ',to_date('21/04/18','RR/MM/DD'),3756096101269812033);
Insert into RECRUIT (RC_NUM,RC_NAME,RC_TITLE,RC_CONTENT,RC_SCRAP,RC_SALARY,RC_LINK,RC_DATE,RC_VIEW) values (1014,'농협','채용형 인턴','./image/nonglogo.png','./image/nonghire.png',2400,'https://banking.nonghyup.com/nhbank.html ',to_date('21/04/19','RR/MM/DD'),3755896361269755734);
Insert into RECRUIT (RC_NUM,RC_NAME,RC_TITLE,RC_CONTENT,RC_SCRAP,RC_SALARY,RC_LINK,RC_DATE,RC_VIEW) values (1015,'여기어때','전직군 모집','./image/ylogo.png','./image/yhire.png',3000,'https://www.gccompany.co.kr/ ',to_date('21/04/20','RR/MM/DD'),3751310341270527679);
Insert into RECRUIT (RC_NUM,RC_NAME,RC_TITLE,RC_CONTENT,RC_SCRAP,RC_SALARY,RC_LINK,RC_DATE,RC_VIEW) values (1016,'유니드','신입사원 채용','./image/youneedlogo.png','./image/youneedhire.png',2800,'http://www.unid.co.kr/kor/index.php ',to_date('21/04/21','RR/MM/DD'),3758717811270025525);
Insert into RECRUIT (RC_NUM,RC_NAME,RC_TITLE,RC_CONTENT,RC_SCRAP,RC_SALARY,RC_LINK,RC_DATE,RC_VIEW) values (1017,'리치몬트','판매직 모집','./image/richlogo.png','./image/richhire.png',4500,'https://www.richemont.com/en/home/ ',to_date('21/06/11','RR/MM/DD'),3586459971277656784);
Insert into RECRUIT (RC_NUM,RC_NAME,RC_TITLE,RC_CONTENT,RC_SCRAP,RC_SALARY,RC_LINK,RC_DATE,RC_VIEW) values (1018,'이안한방병원','간호조무사 모집','./image/eanlogo.png','./image/eanhire.png',3700,'http://ianclinic.co.kr/ ',to_date('21/06/01','RR/MM/DD'),3612631721283384182);
Insert into RECRUIT (RC_NUM,RC_NAME,RC_TITLE,RC_CONTENT,RC_SCRAP,RC_SALARY,RC_LINK,RC_DATE,RC_VIEW) values (1019,'엔아이티','개발자 채용','./image/nitlogo.png','./image/nithire.png',5500,'http://www.nitgs.com/',to_date('21/06/06','RR/MM/DD'),3597083101265783106);

REM INSERTING into BOARD
SET DEFINE OFF;
Insert into BOARD (BD_CODE,BD_NUM,M_ID,SUBJECT,CONTENT,CATEGORY,READ_COUNT,REG_DATE,TAGS,IS_ADOPTED,FILE_NAME,REF,RE_STEP,RE_LEVEL) values (1,1,'iin22','[HOT] 언택트 집.콕. 취준 꿀팁','언택트 취준 꿀팁 내용입니다!',null,0,to_date('20/07/28','RR/MM/DD'),'#언택트#취준',0,'community/fileSave/default_info.png',1,1,1);
Insert into BOARD (BD_CODE,BD_NUM,M_ID,SUBJECT,CONTENT,CATEGORY,READ_COUNT,REG_DATE,TAGS,IS_ADOPTED,FILE_NAME,REF,RE_STEP,RE_LEVEL) values (1,145,'iin22','임직원의 동기부여를 담당하는 인사관리!','Q1
담당하고 계신 업무를 소개해 주세요.

경영지원실 인사관리팀에서 C 담당하고 있습니다. HR C 제뉴원사이언스의 구성원이 회사의 목표 달성과 임직원 자신의 성장을 이룰 수 있도록, 임직원 동기부여를 위해 최적화된 보상과 평가, 복리후생 제도를 수립하고 운영하는 직무입니다.


Q2
담당하신 직무의 가장 큰 매력은 무엇인가요?

인사제도를 기획하고 이를 운영했을 때, 구성원의 만족감을 높이고 동기부여가 돼 결국 조직의 성과로 연결되는 모습을 볼 수 있는 점이 HR 직무의 가장 큰 매력이 아닐까 합니다. 또 회사의 입장에서 직원의 얘기를 듣고, 직원의 입장에서 문제를 해결하는 직무라는 점도 큰 매력이죠.


Q3
하루 일과가 궁금합니다.

신규로 입사하는 직원이 있다면 입사에 필요한 각종 서류 작성, 4대보험 취득 등의 업무를 수행합니다. 또 매월 급여일이 다가오는 시기엔 한 달간의 임직원 근무 생활을 모두 확인?종합해보며 임직원의 소중한 급여를 산정, 지급하는 업무도 수행합니다. 정기적인 관리 업무 외에도 하루 동안 사내 메신저 및 이메일을 통해 임직원이 남긴 문의사항이나 건의사항에 대해 수시로 피드백을 합니다. 피드백과 더불어, 이러한 문의?건의사항을 취합하여 사내 제도에 최대한 반영될 수 있도록 하고 있습니다. 마지막으로 전반적인 HR 주요 이슈 사항을 찾아보거나 HR 관련 제도 변화에 대한 연구를 합니다. 또 타 회사의 HR 제도를 참고하여 팀원들과 함께 우리 회사의 HR 제도 기획과 운영에 참고할만한 부분은 없는지, 실제 제도에 적용했을 때 어떻게 작용할 것인지 등에 대해 논의하고 또 시뮬레이션을 해보며 하루 일과를 종료합니다.


Q4
“이 업무를 할 때에는 OOO가 가장 필요하다!”

우선 타인을 존중하는 태도가 필요합니다. HR은 모든 임직원을 대해야 합니다. 따라서 타인을 존중하는 태도가 없다면 결국 현실과 동떨어진 방향으로 제도가 운영될 수 밖에 없습니다. 두 번째로 공정함 입니다. 회사의 입장과 직원의 입장 사이에서 어느 한쪽으로 치우치지 않아야 합니다. 특히 직원을 평가하는 제도를 구축하고, 그 평가에 따라 보상을 하는 직무이기 때문에 나로 인해 부당한 대우를 받는 직원이 생기지 않도록 하는 것이 중요합니다. 마지막으로 철저한 윤리관과 보안의식 입니다. 모든 임직원의 정보를 다루는 위치에 있기 때문에 소중한 임직원의 정보를 철저히 보호하겠다는 윤리관과 보안의식이 필수입니다.


Q5
해당 직무의 전망에 대해서 어떻게 생각하시나요?

저는 ‘취준’하는 후배들에게 추천할 만큼 HR의 전망은 좋다고 봅니다. 모든 조직에서 필요로 하는 역할이기도 하며, 무엇보다 조직의 본질이 곧 ‘사람’이라는 점 때문입니다. 사람을 존중하고, 또 사랑할 수 있는 사람이라면 HR직무를 맡는데 어려움이 없을 것입니다.',0,42,to_date('21/06/13','RR/MM/DD'),'#인사·교육·노무 #(주)제뉴원사이언스',0,'community/fileSave/genuone.jpg',145,1,1);
Insert into BOARD (BD_CODE,BD_NUM,M_ID,SUBJECT,CONTENT,CATEGORY,READ_COUNT,REG_DATE,TAGS,IS_ADOPTED,FILE_NAME,REF,RE_STEP,RE_LEVEL) values (2,147,'iin22','[답변]','힘내세요...',0,0,to_date('21/06/20','RR/MM/DD'),null,0,null,146,2,2);
Insert into BOARD (BD_CODE,BD_NUM,M_ID,SUBJECT,CONTENT,CATEGORY,READ_COUNT,REG_DATE,TAGS,IS_ADOPTED,FILE_NAME,REF,RE_STEP,RE_LEVEL) values (2,146,'iin22','이직 관련 질문드립니다.','1년 안됐는데 이직할지 고민이에요.',0,9,to_date('21/06/20','RR/MM/DD'),'#이직#질문#신입',0,'community/fileSave/default_qna.png',146,1,1);
Insert into BOARD (BD_CODE,BD_NUM,M_ID,SUBJECT,CONTENT,CATEGORY,READ_COUNT,REG_DATE,TAGS,IS_ADOPTED,FILE_NAME,REF,RE_STEP,RE_LEVEL) values (2,148,'iin22','[답변]','화이팅',0,0,to_date('21/06/20','RR/MM/DD'),null,0,null,146,3,2);
Insert into BOARD (BD_CODE,BD_NUM,M_ID,SUBJECT,CONTENT,CATEGORY,READ_COUNT,REG_DATE,TAGS,IS_ADOPTED,FILE_NAME,REF,RE_STEP,RE_LEVEL) values (1,131,'iin33','[HOT] 언택트 집.콕. 취준 꿀팁','언택트 취준 꿀팁 내용입니다!<br>언택트 취준 꿀팁 내용입니다!<br>언택트 취준 꿀팁 내용입니다!<br>언택트 취준 꿀팁 내용입니다!<br>언택트 취준 꿀팁 내용입니다!<br>언택트 취준 꿀팁 내용입니다!<br>언택트 취준 꿀팁 내용입니다!<br>',null,1,to_date('21/08/04','RR/MM/DD'),'#언택트#취준',0,'community/fileSave/default_info.png',131,1,1);
Insert into BOARD (BD_CODE,BD_NUM,M_ID,SUBJECT,CONTENT,CATEGORY,READ_COUNT,REG_DATE,TAGS,IS_ADOPTED,FILE_NAME,REF,RE_STEP,RE_LEVEL) values (1,96,'iin22','더미용','냉무',null,0,to_date('21/01/03','RR/MM/DD'),'#연봉',0,'community/fileSave/default_info.png',96,1,1);
Insert into BOARD (BD_CODE,BD_NUM,M_ID,SUBJECT,CONTENT,CATEGORY,READ_COUNT,REG_DATE,TAGS,IS_ADOPTED,FILE_NAME,REF,RE_STEP,RE_LEVEL) values (1,97,'iin22','더미용','냉무',null,0,to_date('21/01/03','RR/MM/DD'),'#연봉',0,'community/fileSave/default_info.png',97,1,1);
Insert into BOARD (BD_CODE,BD_NUM,M_ID,SUBJECT,CONTENT,CATEGORY,READ_COUNT,REG_DATE,TAGS,IS_ADOPTED,FILE_NAME,REF,RE_STEP,RE_LEVEL) values (1,98,'iin22','더미용','냉무',null,0,to_date('21/01/03','RR/MM/DD'),'#연봉',0,'community/fileSave/default_info.png',98,1,1);
Insert into BOARD (BD_CODE,BD_NUM,M_ID,SUBJECT,CONTENT,CATEGORY,READ_COUNT,REG_DATE,TAGS,IS_ADOPTED,FILE_NAME,REF,RE_STEP,RE_LEVEL) values (1,99,'iin22','더미용','냉무',null,0,to_date('21/01/03','RR/MM/DD'),'#연봉',0,'community/fileSave/default_info.png',99,1,1);
Insert into BOARD (BD_CODE,BD_NUM,M_ID,SUBJECT,CONTENT,CATEGORY,READ_COUNT,REG_DATE,TAGS,IS_ADOPTED,FILE_NAME,REF,RE_STEP,RE_LEVEL) values (1,100,'iin22','더미용','냉무',null,0,to_date('21/01/03','RR/MM/DD'),'#연봉',0,'community/fileSave/default_info.png',100,1,1);
Insert into BOARD (BD_CODE,BD_NUM,M_ID,SUBJECT,CONTENT,CATEGORY,READ_COUNT,REG_DATE,TAGS,IS_ADOPTED,FILE_NAME,REF,RE_STEP,RE_LEVEL) values (1,101,'iin22','더미용','냉무',null,0,to_date('21/01/03','RR/MM/DD'),'#연봉',0,'community/fileSave/default_info.png',101,1,1);
Insert into BOARD (BD_CODE,BD_NUM,M_ID,SUBJECT,CONTENT,CATEGORY,READ_COUNT,REG_DATE,TAGS,IS_ADOPTED,FILE_NAME,REF,RE_STEP,RE_LEVEL) values (1,102,'iin22','더미용','냉무',null,0,to_date('21/01/03','RR/MM/DD'),'#연봉',0,'community/fileSave/default_info.png',102,1,1);
Insert into BOARD (BD_CODE,BD_NUM,M_ID,SUBJECT,CONTENT,CATEGORY,READ_COUNT,REG_DATE,TAGS,IS_ADOPTED,FILE_NAME,REF,RE_STEP,RE_LEVEL) values (1,103,'iin22','더미용','냉무',null,0,to_date('21/01/03','RR/MM/DD'),'#연봉',0,'community/fileSave/default_info.png',103,1,1);
Insert into BOARD (BD_CODE,BD_NUM,M_ID,SUBJECT,CONTENT,CATEGORY,READ_COUNT,REG_DATE,TAGS,IS_ADOPTED,FILE_NAME,REF,RE_STEP,RE_LEVEL) values (1,104,'iin22','더미용','냉무',null,0,to_date('21/01/03','RR/MM/DD'),'#연봉',0,'community/fileSave/default_info.png',104,1,1);
Insert into BOARD (BD_CODE,BD_NUM,M_ID,SUBJECT,CONTENT,CATEGORY,READ_COUNT,REG_DATE,TAGS,IS_ADOPTED,FILE_NAME,REF,RE_STEP,RE_LEVEL) values (1,105,'iin22','더미용','냉무',null,0,to_date('21/01/03','RR/MM/DD'),'#연봉',0,'community/fileSave/default_info.png',105,1,1);
Insert into BOARD (BD_CODE,BD_NUM,M_ID,SUBJECT,CONTENT,CATEGORY,READ_COUNT,REG_DATE,TAGS,IS_ADOPTED,FILE_NAME,REF,RE_STEP,RE_LEVEL) values (1,106,'iin22','더미용','냉무',null,0,to_date('21/01/03','RR/MM/DD'),'#연봉',0,'community/fileSave/default_info.png',106,1,1);
Insert into BOARD (BD_CODE,BD_NUM,M_ID,SUBJECT,CONTENT,CATEGORY,READ_COUNT,REG_DATE,TAGS,IS_ADOPTED,FILE_NAME,REF,RE_STEP,RE_LEVEL) values (1,107,'iin22','더미용','냉무',null,0,to_date('21/01/03','RR/MM/DD'),'#연봉',0,'community/fileSave/default_info.png',107,1,1);
Insert into BOARD (BD_CODE,BD_NUM,M_ID,SUBJECT,CONTENT,CATEGORY,READ_COUNT,REG_DATE,TAGS,IS_ADOPTED,FILE_NAME,REF,RE_STEP,RE_LEVEL) values (1,108,'iin22','더미용','냉무',null,0,to_date('21/01/03','RR/MM/DD'),'#연봉',0,'community/fileSave/default_info.png',108,1,1);
Insert into BOARD (BD_CODE,BD_NUM,M_ID,SUBJECT,CONTENT,CATEGORY,READ_COUNT,REG_DATE,TAGS,IS_ADOPTED,FILE_NAME,REF,RE_STEP,RE_LEVEL) values (1,109,'iin22','더미용','냉무',null,0,to_date('21/01/03','RR/MM/DD'),'#연봉',0,'community/fileSave/default_info.png',109,1,1);
Insert into BOARD (BD_CODE,BD_NUM,M_ID,SUBJECT,CONTENT,CATEGORY,READ_COUNT,REG_DATE,TAGS,IS_ADOPTED,FILE_NAME,REF,RE_STEP,RE_LEVEL) values (1,110,'iin22','더미용','냉무',null,0,to_date('21/01/03','RR/MM/DD'),'#연봉',0,'community/fileSave/default_info.png',110,1,1);
Insert into BOARD (BD_CODE,BD_NUM,M_ID,SUBJECT,CONTENT,CATEGORY,READ_COUNT,REG_DATE,TAGS,IS_ADOPTED,FILE_NAME,REF,RE_STEP,RE_LEVEL) values (1,111,'iin22','더미용','냉무',null,0,to_date('21/01/03','RR/MM/DD'),'#연봉',0,'community/fileSave/default_info.png',111,1,1);
Insert into BOARD (BD_CODE,BD_NUM,M_ID,SUBJECT,CONTENT,CATEGORY,READ_COUNT,REG_DATE,TAGS,IS_ADOPTED,FILE_NAME,REF,RE_STEP,RE_LEVEL) values (1,112,'iin22','더미용','냉무',null,0,to_date('21/01/03','RR/MM/DD'),'#연봉',0,'community/fileSave/default_info.png',112,1,1);
Insert into BOARD (BD_CODE,BD_NUM,M_ID,SUBJECT,CONTENT,CATEGORY,READ_COUNT,REG_DATE,TAGS,IS_ADOPTED,FILE_NAME,REF,RE_STEP,RE_LEVEL) values (1,113,'iin22','더미용','냉무',null,0,to_date('21/01/03','RR/MM/DD'),'#연봉',0,'community/fileSave/default_info.png',113,1,1);
Insert into BOARD (BD_CODE,BD_NUM,M_ID,SUBJECT,CONTENT,CATEGORY,READ_COUNT,REG_DATE,TAGS,IS_ADOPTED,FILE_NAME,REF,RE_STEP,RE_LEVEL) values (1,114,'iin22','더미용','냉무',null,0,to_date('21/01/03','RR/MM/DD'),'#연봉',0,'community/fileSave/default_info.png',114,1,1);
Insert into BOARD (BD_CODE,BD_NUM,M_ID,SUBJECT,CONTENT,CATEGORY,READ_COUNT,REG_DATE,TAGS,IS_ADOPTED,FILE_NAME,REF,RE_STEP,RE_LEVEL) values (1,115,'iin22','더미용','냉무',null,0,to_date('21/01/03','RR/MM/DD'),'#연봉',0,'community/fileSave/default_info.png',115,1,1);
Insert into BOARD (BD_CODE,BD_NUM,M_ID,SUBJECT,CONTENT,CATEGORY,READ_COUNT,REG_DATE,TAGS,IS_ADOPTED,FILE_NAME,REF,RE_STEP,RE_LEVEL) values (1,116,'iin22','더미용','냉무',null,0,to_date('21/01/03','RR/MM/DD'),'#연봉',0,'community/fileSave/default_info.png',116,1,1);
Insert into BOARD (BD_CODE,BD_NUM,M_ID,SUBJECT,CONTENT,CATEGORY,READ_COUNT,REG_DATE,TAGS,IS_ADOPTED,FILE_NAME,REF,RE_STEP,RE_LEVEL) values (1,117,'iin22','더미용','냉무',null,0,to_date('21/01/03','RR/MM/DD'),'#연봉',0,'community/fileSave/default_info.png',117,1,1);
Insert into BOARD (BD_CODE,BD_NUM,M_ID,SUBJECT,CONTENT,CATEGORY,READ_COUNT,REG_DATE,TAGS,IS_ADOPTED,FILE_NAME,REF,RE_STEP,RE_LEVEL) values (1,118,'iin22','더미용','냉무',null,0,to_date('21/01/03','RR/MM/DD'),'#연봉',0,'community/fileSave/default_info.png',118,1,1);
Insert into BOARD (BD_CODE,BD_NUM,M_ID,SUBJECT,CONTENT,CATEGORY,READ_COUNT,REG_DATE,TAGS,IS_ADOPTED,FILE_NAME,REF,RE_STEP,RE_LEVEL) values (1,119,'iin22','더미용','냉무',null,0,to_date('21/01/03','RR/MM/DD'),'#연봉',0,'community/fileSave/default_info.png',119,1,1);
Insert into BOARD (BD_CODE,BD_NUM,M_ID,SUBJECT,CONTENT,CATEGORY,READ_COUNT,REG_DATE,TAGS,IS_ADOPTED,FILE_NAME,REF,RE_STEP,RE_LEVEL) values (1,132,'noi5176@gmail.com','반갑습니당','^^',0,3,to_date('21/06/12','RR/MM/DD'),null,0,'community/fileSave/default_info.png',132,1,1);
Insert into BOARD (BD_CODE,BD_NUM,M_ID,SUBJECT,CONTENT,CATEGORY,READ_COUNT,REG_DATE,TAGS,IS_ADOPTED,FILE_NAME,REF,RE_STEP,RE_LEVEL) values (1,133,'iin22','asdasd','asdasd',0,4,to_date('21/06/12','RR/MM/DD'),null,0,'community/fileSave/default_info.png',133,1,1);
Insert into BOARD (BD_CODE,BD_NUM,M_ID,SUBJECT,CONTENT,CATEGORY,READ_COUNT,REG_DATE,TAGS,IS_ADOPTED,FILE_NAME,REF,RE_STEP,RE_LEVEL) values (1,134,'iin22','도지도지도지','asdasd',0,26,to_date('21/06/12','RR/MM/DD'),'#도지#강아지#귀엽당',0,'community/fileSave/Doge.jpg',134,1,1);
Insert into BOARD (BD_CODE,BD_NUM,M_ID,SUBJECT,CONTENT,CATEGORY,READ_COUNT,REG_DATE,TAGS,IS_ADOPTED,FILE_NAME,REF,RE_STEP,RE_LEVEL) values (1,22,'iin22','더미용','냉무',null,0,to_date('21/01/03','RR/MM/DD'),'#연봉',0,'community/fileSave/default_info.png',22,1,1);
Insert into BOARD (BD_CODE,BD_NUM,M_ID,SUBJECT,CONTENT,CATEGORY,READ_COUNT,REG_DATE,TAGS,IS_ADOPTED,FILE_NAME,REF,RE_STEP,RE_LEVEL) values (1,94,'iin22','더미용','냉무',null,0,to_date('21/01/03','RR/MM/DD'),'#연봉',0,'community/fileSave/default_info.png',94,1,1);
Insert into BOARD (BD_CODE,BD_NUM,M_ID,SUBJECT,CONTENT,CATEGORY,READ_COUNT,REG_DATE,TAGS,IS_ADOPTED,FILE_NAME,REF,RE_STEP,RE_LEVEL) values (1,24,'iin22','더미용','냉무',null,0,to_date('21/01/03','RR/MM/DD'),'#연봉',0,'community/fileSave/default_info.png',24,1,1);
Insert into BOARD (BD_CODE,BD_NUM,M_ID,SUBJECT,CONTENT,CATEGORY,READ_COUNT,REG_DATE,TAGS,IS_ADOPTED,FILE_NAME,REF,RE_STEP,RE_LEVEL) values (1,27,'iin22','더미용','냉무',null,0,to_date('21/01/03','RR/MM/DD'),'#연봉',0,'community/fileSave/default_info.png',27,1,1);
Insert into BOARD (BD_CODE,BD_NUM,M_ID,SUBJECT,CONTENT,CATEGORY,READ_COUNT,REG_DATE,TAGS,IS_ADOPTED,FILE_NAME,REF,RE_STEP,RE_LEVEL) values (1,29,'iin22','더미용','냉무',null,0,to_date('21/01/03','RR/MM/DD'),'#연봉',0,'community/fileSave/default_info.png',29,1,1);
Insert into BOARD (BD_CODE,BD_NUM,M_ID,SUBJECT,CONTENT,CATEGORY,READ_COUNT,REG_DATE,TAGS,IS_ADOPTED,FILE_NAME,REF,RE_STEP,RE_LEVEL) values (1,32,'iin22','더미용','냉무',null,0,to_date('21/01/03','RR/MM/DD'),'#연봉',0,'community/fileSave/default_info.png',32,1,1);
Insert into BOARD (BD_CODE,BD_NUM,M_ID,SUBJECT,CONTENT,CATEGORY,READ_COUNT,REG_DATE,TAGS,IS_ADOPTED,FILE_NAME,REF,RE_STEP,RE_LEVEL) values (1,34,'iin22','더미용','냉무',null,0,to_date('21/01/03','RR/MM/DD'),'#연봉',0,'community/fileSave/default_info.png',34,1,1);
Insert into BOARD (BD_CODE,BD_NUM,M_ID,SUBJECT,CONTENT,CATEGORY,READ_COUNT,REG_DATE,TAGS,IS_ADOPTED,FILE_NAME,REF,RE_STEP,RE_LEVEL) values (1,37,'iin22','더미용','냉무',null,0,to_date('21/01/03','RR/MM/DD'),'#연봉',0,'community/fileSave/default_info.png',37,1,1);
Insert into BOARD (BD_CODE,BD_NUM,M_ID,SUBJECT,CONTENT,CATEGORY,READ_COUNT,REG_DATE,TAGS,IS_ADOPTED,FILE_NAME,REF,RE_STEP,RE_LEVEL) values (1,40,'iin22','더미용','냉무',null,0,to_date('21/01/03','RR/MM/DD'),'#연봉',0,'community/fileSave/default_info.png',40,1,1);
Insert into BOARD (BD_CODE,BD_NUM,M_ID,SUBJECT,CONTENT,CATEGORY,READ_COUNT,REG_DATE,TAGS,IS_ADOPTED,FILE_NAME,REF,RE_STEP,RE_LEVEL) values (1,42,'iin22','더미용','냉무',null,0,to_date('21/01/03','RR/MM/DD'),'#연봉',0,'community/fileSave/default_info.png',42,1,1);
Insert into BOARD (BD_CODE,BD_NUM,M_ID,SUBJECT,CONTENT,CATEGORY,READ_COUNT,REG_DATE,TAGS,IS_ADOPTED,FILE_NAME,REF,RE_STEP,RE_LEVEL) values (1,45,'iin22','더미용','냉무',null,0,to_date('21/01/03','RR/MM/DD'),'#연봉',0,'community/fileSave/default_info.png',45,1,1);
Insert into BOARD (BD_CODE,BD_NUM,M_ID,SUBJECT,CONTENT,CATEGORY,READ_COUNT,REG_DATE,TAGS,IS_ADOPTED,FILE_NAME,REF,RE_STEP,RE_LEVEL) values (1,47,'iin22','더미용','냉무',null,0,to_date('21/01/03','RR/MM/DD'),'#연봉',0,'community/fileSave/default_info.png',47,1,1);
Insert into BOARD (BD_CODE,BD_NUM,M_ID,SUBJECT,CONTENT,CATEGORY,READ_COUNT,REG_DATE,TAGS,IS_ADOPTED,FILE_NAME,REF,RE_STEP,RE_LEVEL) values (1,50,'iin22','더미용','냉무',null,0,to_date('21/01/03','RR/MM/DD'),'#연봉',0,'community/fileSave/default_info.png',50,1,1);
Insert into BOARD (BD_CODE,BD_NUM,M_ID,SUBJECT,CONTENT,CATEGORY,READ_COUNT,REG_DATE,TAGS,IS_ADOPTED,FILE_NAME,REF,RE_STEP,RE_LEVEL) values (1,52,'iin22','더미용','냉무',null,0,to_date('21/01/03','RR/MM/DD'),'#연봉',0,'community/fileSave/default_info.png',52,1,1);
Insert into BOARD (BD_CODE,BD_NUM,M_ID,SUBJECT,CONTENT,CATEGORY,READ_COUNT,REG_DATE,TAGS,IS_ADOPTED,FILE_NAME,REF,RE_STEP,RE_LEVEL) values (1,55,'iin22','더미용','냉무',null,0,to_date('21/01/03','RR/MM/DD'),'#연봉',0,'community/fileSave/default_info.png',55,1,1);
Insert into BOARD (BD_CODE,BD_NUM,M_ID,SUBJECT,CONTENT,CATEGORY,READ_COUNT,REG_DATE,TAGS,IS_ADOPTED,FILE_NAME,REF,RE_STEP,RE_LEVEL) values (1,57,'iin22','더미용','냉무',null,0,to_date('21/01/03','RR/MM/DD'),'#연봉',0,'community/fileSave/default_info.png',57,1,1);
Insert into BOARD (BD_CODE,BD_NUM,M_ID,SUBJECT,CONTENT,CATEGORY,READ_COUNT,REG_DATE,TAGS,IS_ADOPTED,FILE_NAME,REF,RE_STEP,RE_LEVEL) values (1,60,'iin22','더미용','냉무',null,0,to_date('21/01/03','RR/MM/DD'),'#연봉',0,'community/fileSave/default_info.png',60,1,1);
Insert into BOARD (BD_CODE,BD_NUM,M_ID,SUBJECT,CONTENT,CATEGORY,READ_COUNT,REG_DATE,TAGS,IS_ADOPTED,FILE_NAME,REF,RE_STEP,RE_LEVEL) values (1,62,'iin22','더미용','냉무',null,0,to_date('21/01/03','RR/MM/DD'),'#연봉',0,'community/fileSave/default_info.png',62,1,1);
Insert into BOARD (BD_CODE,BD_NUM,M_ID,SUBJECT,CONTENT,CATEGORY,READ_COUNT,REG_DATE,TAGS,IS_ADOPTED,FILE_NAME,REF,RE_STEP,RE_LEVEL) values (1,65,'iin22','더미용','냉무',null,0,to_date('21/01/03','RR/MM/DD'),'#연봉',0,'community/fileSave/default_info.png',65,1,1);
Insert into BOARD (BD_CODE,BD_NUM,M_ID,SUBJECT,CONTENT,CATEGORY,READ_COUNT,REG_DATE,TAGS,IS_ADOPTED,FILE_NAME,REF,RE_STEP,RE_LEVEL) values (1,68,'iin22','더미용','냉무',null,0,to_date('21/01/03','RR/MM/DD'),'#연봉',0,'community/fileSave/default_info.png',68,1,1);
Insert into BOARD (BD_CODE,BD_NUM,M_ID,SUBJECT,CONTENT,CATEGORY,READ_COUNT,REG_DATE,TAGS,IS_ADOPTED,FILE_NAME,REF,RE_STEP,RE_LEVEL) values (1,70,'iin22','더미용','냉무',null,0,to_date('21/01/03','RR/MM/DD'),'#연봉',0,'community/fileSave/default_info.png',70,1,1);
Insert into BOARD (BD_CODE,BD_NUM,M_ID,SUBJECT,CONTENT,CATEGORY,READ_COUNT,REG_DATE,TAGS,IS_ADOPTED,FILE_NAME,REF,RE_STEP,RE_LEVEL) values (1,73,'iin22','더미용','냉무',null,0,to_date('21/01/03','RR/MM/DD'),'#연봉',0,'community/fileSave/default_info.png',73,1,1);
Insert into BOARD (BD_CODE,BD_NUM,M_ID,SUBJECT,CONTENT,CATEGORY,READ_COUNT,REG_DATE,TAGS,IS_ADOPTED,FILE_NAME,REF,RE_STEP,RE_LEVEL) values (1,75,'iin22','더미용','냉무',null,0,to_date('21/01/03','RR/MM/DD'),'#연봉',0,'community/fileSave/default_info.png',75,1,1);
Insert into BOARD (BD_CODE,BD_NUM,M_ID,SUBJECT,CONTENT,CATEGORY,READ_COUNT,REG_DATE,TAGS,IS_ADOPTED,FILE_NAME,REF,RE_STEP,RE_LEVEL) values (1,78,'iin22','더미용','냉무',null,0,to_date('21/01/03','RR/MM/DD'),'#연봉',0,'community/fileSave/default_info.png',78,1,1);
Insert into BOARD (BD_CODE,BD_NUM,M_ID,SUBJECT,CONTENT,CATEGORY,READ_COUNT,REG_DATE,TAGS,IS_ADOPTED,FILE_NAME,REF,RE_STEP,RE_LEVEL) values (1,80,'iin22','더미용','냉무',null,0,to_date('21/01/03','RR/MM/DD'),'#연봉',0,'community/fileSave/default_info.png',80,1,1);
Insert into BOARD (BD_CODE,BD_NUM,M_ID,SUBJECT,CONTENT,CATEGORY,READ_COUNT,REG_DATE,TAGS,IS_ADOPTED,FILE_NAME,REF,RE_STEP,RE_LEVEL) values (1,83,'iin22','더미용','냉무',null,0,to_date('21/01/03','RR/MM/DD'),'#연봉',0,'community/fileSave/default_info.png',83,1,1);
Insert into BOARD (BD_CODE,BD_NUM,M_ID,SUBJECT,CONTENT,CATEGORY,READ_COUNT,REG_DATE,TAGS,IS_ADOPTED,FILE_NAME,REF,RE_STEP,RE_LEVEL) values (1,85,'iin22','더미용','냉무',null,0,to_date('21/01/03','RR/MM/DD'),'#연봉',0,'community/fileSave/default_info.png',85,1,1);
Insert into BOARD (BD_CODE,BD_NUM,M_ID,SUBJECT,CONTENT,CATEGORY,READ_COUNT,REG_DATE,TAGS,IS_ADOPTED,FILE_NAME,REF,RE_STEP,RE_LEVEL) values (1,88,'iin22','더미용','냉무',null,0,to_date('21/01/03','RR/MM/DD'),'#연봉',0,'community/fileSave/default_info.png',88,1,1);
Insert into BOARD (BD_CODE,BD_NUM,M_ID,SUBJECT,CONTENT,CATEGORY,READ_COUNT,REG_DATE,TAGS,IS_ADOPTED,FILE_NAME,REF,RE_STEP,RE_LEVEL) values (1,90,'iin22','더미용','냉무',null,0,to_date('21/01/03','RR/MM/DD'),'#연봉',0,'community/fileSave/default_info.png',90,1,1);
Insert into BOARD (BD_CODE,BD_NUM,M_ID,SUBJECT,CONTENT,CATEGORY,READ_COUNT,REG_DATE,TAGS,IS_ADOPTED,FILE_NAME,REF,RE_STEP,RE_LEVEL) values (2,135,'iin22','질문드려요 정말 고민이에요 답변해주세요오','냉무',0,13,to_date('21/06/19','RR/MM/DD'),'#질문#답변부탁#고민',0,'community/fileSave/default_qna.png',135,1,1);
Insert into BOARD (BD_CODE,BD_NUM,M_ID,SUBJECT,CONTENT,CATEGORY,READ_COUNT,REG_DATE,TAGS,IS_ADOPTED,FILE_NAME,REF,RE_STEP,RE_LEVEL) values (1,95,'iin22','더미용','냉무',null,0,to_date('21/01/03','RR/MM/DD'),'#연봉',0,'community/fileSave/default_info.png',95,1,1);
Insert into BOARD (BD_CODE,BD_NUM,M_ID,SUBJECT,CONTENT,CATEGORY,READ_COUNT,REG_DATE,TAGS,IS_ADOPTED,FILE_NAME,REF,RE_STEP,RE_LEVEL) values (1,36,'iin22','더미용','냉무',null,0,to_date('21/01/03','RR/MM/DD'),'#연봉',0,'community/fileSave/default_info.png',36,1,1);
Insert into BOARD (BD_CODE,BD_NUM,M_ID,SUBJECT,CONTENT,CATEGORY,READ_COUNT,REG_DATE,TAGS,IS_ADOPTED,FILE_NAME,REF,RE_STEP,RE_LEVEL) values (1,2,'iin22','브랜드 홍보의 달인, 마케팅 기획자','냉무',null,0,to_date('20/07/28','RR/MM/DD'),'#마케팅#인터뷰',0,'community/fileSave/default_info.png',2,1,1);
Insert into BOARD (BD_CODE,BD_NUM,M_ID,SUBJECT,CONTENT,CATEGORY,READ_COUNT,REG_DATE,TAGS,IS_ADOPTED,FILE_NAME,REF,RE_STEP,RE_LEVEL) values (1,38,'iin22','더미용','냉무',null,0,to_date('21/01/03','RR/MM/DD'),'#연봉',0,'community/fileSave/default_info.png',38,1,1);
Insert into BOARD (BD_CODE,BD_NUM,M_ID,SUBJECT,CONTENT,CATEGORY,READ_COUNT,REG_DATE,TAGS,IS_ADOPTED,FILE_NAME,REF,RE_STEP,RE_LEVEL) values (1,3,'iin22','<기업별 연봉 인기순위 TOP 10>','냉무',null,0,to_date('20/07/29','RR/MM/DD'),'#연봉',0,'community/fileSave/default_info.png',3,1,1);
Insert into BOARD (BD_CODE,BD_NUM,M_ID,SUBJECT,CONTENT,CATEGORY,READ_COUNT,REG_DATE,TAGS,IS_ADOPTED,FILE_NAME,REF,RE_STEP,RE_LEVEL) values (1,121,'iin33','[HOT] 언택트 집.콕. 취준 꿀팁','언택트 취준 꿀팁 내용입니다!',null,0,to_date('21/05/28','RR/MM/DD'),'#언택트#취준',0,'community/fileSave/default_info.png',121,1,1);
Insert into BOARD (BD_CODE,BD_NUM,M_ID,SUBJECT,CONTENT,CATEGORY,READ_COUNT,REG_DATE,TAGS,IS_ADOPTED,FILE_NAME,REF,RE_STEP,RE_LEVEL) values (1,122,'iin44','브랜드 홍보의 달인, 마케팅 기획자','냉무',null,0,to_date('21/05/28','RR/MM/DD'),'#마케팅#인터뷰',0,'community/fileSave/default_info.png',122,1,1);
Insert into BOARD (BD_CODE,BD_NUM,M_ID,SUBJECT,CONTENT,CATEGORY,READ_COUNT,REG_DATE,TAGS,IS_ADOPTED,FILE_NAME,REF,RE_STEP,RE_LEVEL) values (1,123,'iin22','<기업별 연봉 인기순위 TOP 10>','냉무',null,0,to_date('21/05/29','RR/MM/DD'),'#연봉',0,'community/fileSave/default_info.png',123,1,1);
Insert into BOARD (BD_CODE,BD_NUM,M_ID,SUBJECT,CONTENT,CATEGORY,READ_COUNT,REG_DATE,TAGS,IS_ADOPTED,FILE_NAME,REF,RE_STEP,RE_LEVEL) values (1,124,'iin22','[HOT] 언택트 집.콕. 취준 꿀팁','언택트 취준 꿀팁 내용입니다!',null,0,to_date('21/06/28','RR/MM/DD'),'#언택트#취준',0,'community/fileSave/default_info.png',124,1,1);
Insert into BOARD (BD_CODE,BD_NUM,M_ID,SUBJECT,CONTENT,CATEGORY,READ_COUNT,REG_DATE,TAGS,IS_ADOPTED,FILE_NAME,REF,RE_STEP,RE_LEVEL) values (1,125,'iin33','브랜드 홍보의 달인, 마케팅 기획자','냉무',null,0,to_date('21/06/28','RR/MM/DD'),'#마케팅#인터뷰',0,'community/fileSave/default_info.png',125,1,1);
Insert into BOARD (BD_CODE,BD_NUM,M_ID,SUBJECT,CONTENT,CATEGORY,READ_COUNT,REG_DATE,TAGS,IS_ADOPTED,FILE_NAME,REF,RE_STEP,RE_LEVEL) values (1,126,'iin22','<기업별 연봉 인기순위 TOP 10>','냉무',null,0,to_date('21/06/29','RR/MM/DD'),'#연봉',0,'community/fileSave/default_info.png',126,1,1);
Insert into BOARD (BD_CODE,BD_NUM,M_ID,SUBJECT,CONTENT,CATEGORY,READ_COUNT,REG_DATE,TAGS,IS_ADOPTED,FILE_NAME,REF,RE_STEP,RE_LEVEL) values (1,127,'iin44','[HOT] 언택트 집.콕. 취준 꿀팁','언택트 취준 꿀팁 내용입니다!',null,2,to_date('21/07/28','RR/MM/DD'),'#언택트#취준',0,'community/fileSave/default_info.png',127,1,1);
Insert into BOARD (BD_CODE,BD_NUM,M_ID,SUBJECT,CONTENT,CATEGORY,READ_COUNT,REG_DATE,TAGS,IS_ADOPTED,FILE_NAME,REF,RE_STEP,RE_LEVEL) values (1,128,'iin33','브랜드 홍보의 달인, 마케팅 기획자','냉무',null,1,to_date('21/07/28','RR/MM/DD'),'#마케팅#인터뷰',0,'community/fileSave/default_info.png',128,1,1);
Insert into BOARD (BD_CODE,BD_NUM,M_ID,SUBJECT,CONTENT,CATEGORY,READ_COUNT,REG_DATE,TAGS,IS_ADOPTED,FILE_NAME,REF,RE_STEP,RE_LEVEL) values (1,129,'iin22','<기업별 연봉 인기순위 TOP 10>','냉무',null,2,to_date('21/07/29','RR/MM/DD'),'#연봉',0,'community/fileSave/default_info.png',129,1,1);
Insert into BOARD (BD_CODE,BD_NUM,M_ID,SUBJECT,CONTENT,CATEGORY,READ_COUNT,REG_DATE,TAGS,IS_ADOPTED,FILE_NAME,REF,RE_STEP,RE_LEVEL) values (1,130,'iin44','[HOT] 언택트 집.콕. 취준 꿀팁','언택트 취준 꿀팁 내용입니다!',null,3,to_date('21/08/03','RR/MM/DD'),'#언택트#취준',0,'community/fileSave/default_info.png',130,1,1);
Insert into BOARD (BD_CODE,BD_NUM,M_ID,SUBJECT,CONTENT,CATEGORY,READ_COUNT,REG_DATE,TAGS,IS_ADOPTED,FILE_NAME,REF,RE_STEP,RE_LEVEL) values (1,12,'iin22','더미용','냉무',null,0,to_date('21/01/03','RR/MM/DD'),'#연봉',0,'community/fileSave/default_info.png',12,1,1);
Insert into BOARD (BD_CODE,BD_NUM,M_ID,SUBJECT,CONTENT,CATEGORY,READ_COUNT,REG_DATE,TAGS,IS_ADOPTED,FILE_NAME,REF,RE_STEP,RE_LEVEL) values (1,13,'iin22','더미용','냉무',null,0,to_date('21/01/03','RR/MM/DD'),'#연봉',0,'community/fileSave/default_info.png',13,1,1);
Insert into BOARD (BD_CODE,BD_NUM,M_ID,SUBJECT,CONTENT,CATEGORY,READ_COUNT,REG_DATE,TAGS,IS_ADOPTED,FILE_NAME,REF,RE_STEP,RE_LEVEL) values (1,14,'iin22','더미용','냉무',null,0,to_date('21/01/03','RR/MM/DD'),'#연봉',0,'community/fileSave/default_info.png',14,1,1);
Insert into BOARD (BD_CODE,BD_NUM,M_ID,SUBJECT,CONTENT,CATEGORY,READ_COUNT,REG_DATE,TAGS,IS_ADOPTED,FILE_NAME,REF,RE_STEP,RE_LEVEL) values (1,15,'iin22','더미용','냉무',null,0,to_date('21/01/03','RR/MM/DD'),'#연봉',0,'community/fileSave/default_info.png',15,1,1);
Insert into BOARD (BD_CODE,BD_NUM,M_ID,SUBJECT,CONTENT,CATEGORY,READ_COUNT,REG_DATE,TAGS,IS_ADOPTED,FILE_NAME,REF,RE_STEP,RE_LEVEL) values (1,16,'iin22','더미용','냉무',null,0,to_date('21/01/03','RR/MM/DD'),'#연봉',0,'community/fileSave/default_info.png',16,1,1);
Insert into BOARD (BD_CODE,BD_NUM,M_ID,SUBJECT,CONTENT,CATEGORY,READ_COUNT,REG_DATE,TAGS,IS_ADOPTED,FILE_NAME,REF,RE_STEP,RE_LEVEL) values (1,17,'iin22','더미용','냉무',null,0,to_date('21/01/03','RR/MM/DD'),'#연봉',0,'community/fileSave/default_info.png',17,1,1);
Insert into BOARD (BD_CODE,BD_NUM,M_ID,SUBJECT,CONTENT,CATEGORY,READ_COUNT,REG_DATE,TAGS,IS_ADOPTED,FILE_NAME,REF,RE_STEP,RE_LEVEL) values (1,18,'iin22','더미용','냉무',null,0,to_date('21/01/03','RR/MM/DD'),'#연봉',0,'community/fileSave/default_info.png',18,1,1);
Insert into BOARD (BD_CODE,BD_NUM,M_ID,SUBJECT,CONTENT,CATEGORY,READ_COUNT,REG_DATE,TAGS,IS_ADOPTED,FILE_NAME,REF,RE_STEP,RE_LEVEL) values (1,19,'iin22','더미용','냉무',null,0,to_date('21/01/03','RR/MM/DD'),'#연봉',0,'community/fileSave/default_info.png',19,1,1);
Insert into BOARD (BD_CODE,BD_NUM,M_ID,SUBJECT,CONTENT,CATEGORY,READ_COUNT,REG_DATE,TAGS,IS_ADOPTED,FILE_NAME,REF,RE_STEP,RE_LEVEL) values (1,20,'iin22','더미용','냉무',null,0,to_date('21/01/03','RR/MM/DD'),'#연봉',0,'community/fileSave/default_info.png',20,1,1);
Insert into BOARD (BD_CODE,BD_NUM,M_ID,SUBJECT,CONTENT,CATEGORY,READ_COUNT,REG_DATE,TAGS,IS_ADOPTED,FILE_NAME,REF,RE_STEP,RE_LEVEL) values (1,21,'iin22','더미용','냉무',null,0,to_date('21/01/03','RR/MM/DD'),'#연봉',0,'community/fileSave/default_info.png',21,1,1);
Insert into BOARD (BD_CODE,BD_NUM,M_ID,SUBJECT,CONTENT,CATEGORY,READ_COUNT,REG_DATE,TAGS,IS_ADOPTED,FILE_NAME,REF,RE_STEP,RE_LEVEL) values (1,23,'iin22','더미용','냉무',null,0,to_date('21/01/03','RR/MM/DD'),'#연봉',0,'community/fileSave/default_info.png',23,1,1);
Insert into BOARD (BD_CODE,BD_NUM,M_ID,SUBJECT,CONTENT,CATEGORY,READ_COUNT,REG_DATE,TAGS,IS_ADOPTED,FILE_NAME,REF,RE_STEP,RE_LEVEL) values (1,25,'iin22','더미용','냉무',null,0,to_date('21/01/03','RR/MM/DD'),'#연봉',0,'community/fileSave/default_info.png',25,1,1);
Insert into BOARD (BD_CODE,BD_NUM,M_ID,SUBJECT,CONTENT,CATEGORY,READ_COUNT,REG_DATE,TAGS,IS_ADOPTED,FILE_NAME,REF,RE_STEP,RE_LEVEL) values (1,26,'iin22','더미용','냉무',null,0,to_date('21/01/03','RR/MM/DD'),'#연봉',0,'community/fileSave/default_info.png',26,1,1);
Insert into BOARD (BD_CODE,BD_NUM,M_ID,SUBJECT,CONTENT,CATEGORY,READ_COUNT,REG_DATE,TAGS,IS_ADOPTED,FILE_NAME,REF,RE_STEP,RE_LEVEL) values (1,28,'iin22','더미용','냉무',null,0,to_date('21/01/03','RR/MM/DD'),'#연봉',0,'community/fileSave/default_info.png',28,1,1);
Insert into BOARD (BD_CODE,BD_NUM,M_ID,SUBJECT,CONTENT,CATEGORY,READ_COUNT,REG_DATE,TAGS,IS_ADOPTED,FILE_NAME,REF,RE_STEP,RE_LEVEL) values (1,30,'iin22','더미용','냉무',null,0,to_date('21/01/03','RR/MM/DD'),'#연봉',0,'community/fileSave/default_info.png',30,1,1);
Insert into BOARD (BD_CODE,BD_NUM,M_ID,SUBJECT,CONTENT,CATEGORY,READ_COUNT,REG_DATE,TAGS,IS_ADOPTED,FILE_NAME,REF,RE_STEP,RE_LEVEL) values (1,31,'iin22','더미용','냉무',null,0,to_date('21/01/03','RR/MM/DD'),'#연봉',0,'community/fileSave/default_info.png',31,1,1);
Insert into BOARD (BD_CODE,BD_NUM,M_ID,SUBJECT,CONTENT,CATEGORY,READ_COUNT,REG_DATE,TAGS,IS_ADOPTED,FILE_NAME,REF,RE_STEP,RE_LEVEL) values (1,33,'iin22','더미용','냉무',null,0,to_date('21/01/03','RR/MM/DD'),'#연봉',0,'community/fileSave/default_info.png',33,1,1);
Insert into BOARD (BD_CODE,BD_NUM,M_ID,SUBJECT,CONTENT,CATEGORY,READ_COUNT,REG_DATE,TAGS,IS_ADOPTED,FILE_NAME,REF,RE_STEP,RE_LEVEL) values (1,35,'iin22','더미용','냉무',null,0,to_date('21/01/03','RR/MM/DD'),'#연봉',0,'community/fileSave/default_info.png',35,1,1);
Insert into BOARD (BD_CODE,BD_NUM,M_ID,SUBJECT,CONTENT,CATEGORY,READ_COUNT,REG_DATE,TAGS,IS_ADOPTED,FILE_NAME,REF,RE_STEP,RE_LEVEL) values (1,39,'iin22','더미용','냉무',null,0,to_date('21/01/03','RR/MM/DD'),'#연봉',0,'community/fileSave/default_info.png',39,1,1);
Insert into BOARD (BD_CODE,BD_NUM,M_ID,SUBJECT,CONTENT,CATEGORY,READ_COUNT,REG_DATE,TAGS,IS_ADOPTED,FILE_NAME,REF,RE_STEP,RE_LEVEL) values (1,41,'iin22','더미용','냉무',null,0,to_date('21/01/03','RR/MM/DD'),'#연봉',0,'community/fileSave/default_info.png',41,1,1);
Insert into BOARD (BD_CODE,BD_NUM,M_ID,SUBJECT,CONTENT,CATEGORY,READ_COUNT,REG_DATE,TAGS,IS_ADOPTED,FILE_NAME,REF,RE_STEP,RE_LEVEL) values (1,43,'iin22','더미용','냉무',null,0,to_date('21/01/03','RR/MM/DD'),'#연봉',0,'community/fileSave/default_info.png',43,1,1);
Insert into BOARD (BD_CODE,BD_NUM,M_ID,SUBJECT,CONTENT,CATEGORY,READ_COUNT,REG_DATE,TAGS,IS_ADOPTED,FILE_NAME,REF,RE_STEP,RE_LEVEL) values (1,44,'iin22','더미용','냉무',null,0,to_date('21/01/03','RR/MM/DD'),'#연봉',0,'community/fileSave/default_info.png',44,1,1);
Insert into BOARD (BD_CODE,BD_NUM,M_ID,SUBJECT,CONTENT,CATEGORY,READ_COUNT,REG_DATE,TAGS,IS_ADOPTED,FILE_NAME,REF,RE_STEP,RE_LEVEL) values (1,46,'iin22','더미용','냉무',null,0,to_date('21/01/03','RR/MM/DD'),'#연봉',0,'community/fileSave/default_info.png',46,1,1);
Insert into BOARD (BD_CODE,BD_NUM,M_ID,SUBJECT,CONTENT,CATEGORY,READ_COUNT,REG_DATE,TAGS,IS_ADOPTED,FILE_NAME,REF,RE_STEP,RE_LEVEL) values (1,48,'iin22','더미용','냉무',null,0,to_date('21/01/03','RR/MM/DD'),'#연봉',0,'community/fileSave/default_info.png',48,1,1);
Insert into BOARD (BD_CODE,BD_NUM,M_ID,SUBJECT,CONTENT,CATEGORY,READ_COUNT,REG_DATE,TAGS,IS_ADOPTED,FILE_NAME,REF,RE_STEP,RE_LEVEL) values (1,49,'iin22','더미용','냉무',null,0,to_date('21/01/03','RR/MM/DD'),'#연봉',0,'community/fileSave/default_info.png',49,1,1);
Insert into BOARD (BD_CODE,BD_NUM,M_ID,SUBJECT,CONTENT,CATEGORY,READ_COUNT,REG_DATE,TAGS,IS_ADOPTED,FILE_NAME,REF,RE_STEP,RE_LEVEL) values (1,51,'iin22','더미용','냉무',null,0,to_date('21/01/03','RR/MM/DD'),'#연봉',0,'community/fileSave/default_info.png',51,1,1);
Insert into BOARD (BD_CODE,BD_NUM,M_ID,SUBJECT,CONTENT,CATEGORY,READ_COUNT,REG_DATE,TAGS,IS_ADOPTED,FILE_NAME,REF,RE_STEP,RE_LEVEL) values (1,53,'iin22','더미용','냉무',null,0,to_date('21/01/03','RR/MM/DD'),'#연봉',0,'community/fileSave/default_info.png',53,1,1);
Insert into BOARD (BD_CODE,BD_NUM,M_ID,SUBJECT,CONTENT,CATEGORY,READ_COUNT,REG_DATE,TAGS,IS_ADOPTED,FILE_NAME,REF,RE_STEP,RE_LEVEL) values (1,54,'iin22','더미용','냉무',null,0,to_date('21/01/03','RR/MM/DD'),'#연봉',0,'community/fileSave/default_info.png',54,1,1);
Insert into BOARD (BD_CODE,BD_NUM,M_ID,SUBJECT,CONTENT,CATEGORY,READ_COUNT,REG_DATE,TAGS,IS_ADOPTED,FILE_NAME,REF,RE_STEP,RE_LEVEL) values (1,56,'iin22','더미용','냉무',null,0,to_date('21/01/03','RR/MM/DD'),'#연봉',0,'community/fileSave/default_info.png',56,1,1);
Insert into BOARD (BD_CODE,BD_NUM,M_ID,SUBJECT,CONTENT,CATEGORY,READ_COUNT,REG_DATE,TAGS,IS_ADOPTED,FILE_NAME,REF,RE_STEP,RE_LEVEL) values (1,58,'iin22','더미용','냉무',null,0,to_date('21/01/03','RR/MM/DD'),'#연봉',0,'community/fileSave/default_info.png',58,1,1);
Insert into BOARD (BD_CODE,BD_NUM,M_ID,SUBJECT,CONTENT,CATEGORY,READ_COUNT,REG_DATE,TAGS,IS_ADOPTED,FILE_NAME,REF,RE_STEP,RE_LEVEL) values (1,59,'iin22','더미용','냉무',null,0,to_date('21/01/03','RR/MM/DD'),'#연봉',0,'community/fileSave/default_info.png',59,1,1);
Insert into BOARD (BD_CODE,BD_NUM,M_ID,SUBJECT,CONTENT,CATEGORY,READ_COUNT,REG_DATE,TAGS,IS_ADOPTED,FILE_NAME,REF,RE_STEP,RE_LEVEL) values (1,61,'iin22','더미용','냉무',null,0,to_date('21/01/03','RR/MM/DD'),'#연봉',0,'community/fileSave/default_info.png',61,1,1);
Insert into BOARD (BD_CODE,BD_NUM,M_ID,SUBJECT,CONTENT,CATEGORY,READ_COUNT,REG_DATE,TAGS,IS_ADOPTED,FILE_NAME,REF,RE_STEP,RE_LEVEL) values (1,63,'iin22','더미용','냉무',null,0,to_date('21/01/03','RR/MM/DD'),'#연봉',0,'community/fileSave/default_info.png',63,1,1);
Insert into BOARD (BD_CODE,BD_NUM,M_ID,SUBJECT,CONTENT,CATEGORY,READ_COUNT,REG_DATE,TAGS,IS_ADOPTED,FILE_NAME,REF,RE_STEP,RE_LEVEL) values (1,64,'iin22','더미용','냉무',null,0,to_date('21/01/03','RR/MM/DD'),'#연봉',0,'community/fileSave/default_info.png',64,1,1);
Insert into BOARD (BD_CODE,BD_NUM,M_ID,SUBJECT,CONTENT,CATEGORY,READ_COUNT,REG_DATE,TAGS,IS_ADOPTED,FILE_NAME,REF,RE_STEP,RE_LEVEL) values (1,66,'iin22','더미용','냉무',null,0,to_date('21/01/03','RR/MM/DD'),'#연봉',0,'community/fileSave/default_info.png',66,1,1);
Insert into BOARD (BD_CODE,BD_NUM,M_ID,SUBJECT,CONTENT,CATEGORY,READ_COUNT,REG_DATE,TAGS,IS_ADOPTED,FILE_NAME,REF,RE_STEP,RE_LEVEL) values (1,67,'iin22','더미용','냉무',null,0,to_date('21/01/03','RR/MM/DD'),'#연봉',0,'community/fileSave/default_info.png',67,1,1);
Insert into BOARD (BD_CODE,BD_NUM,M_ID,SUBJECT,CONTENT,CATEGORY,READ_COUNT,REG_DATE,TAGS,IS_ADOPTED,FILE_NAME,REF,RE_STEP,RE_LEVEL) values (1,69,'iin22','더미용','냉무',null,0,to_date('21/01/03','RR/MM/DD'),'#연봉',0,'community/fileSave/default_info.png',69,1,1);
Insert into BOARD (BD_CODE,BD_NUM,M_ID,SUBJECT,CONTENT,CATEGORY,READ_COUNT,REG_DATE,TAGS,IS_ADOPTED,FILE_NAME,REF,RE_STEP,RE_LEVEL) values (1,71,'iin22','더미용','냉무',null,0,to_date('21/01/03','RR/MM/DD'),'#연봉',0,'community/fileSave/default_info.png',71,1,1);
Insert into BOARD (BD_CODE,BD_NUM,M_ID,SUBJECT,CONTENT,CATEGORY,READ_COUNT,REG_DATE,TAGS,IS_ADOPTED,FILE_NAME,REF,RE_STEP,RE_LEVEL) values (1,72,'iin22','더미용','냉무',null,0,to_date('21/01/03','RR/MM/DD'),'#연봉',0,'community/fileSave/default_info.png',72,1,1);
Insert into BOARD (BD_CODE,BD_NUM,M_ID,SUBJECT,CONTENT,CATEGORY,READ_COUNT,REG_DATE,TAGS,IS_ADOPTED,FILE_NAME,REF,RE_STEP,RE_LEVEL) values (1,74,'iin22','더미용','냉무',null,0,to_date('21/01/03','RR/MM/DD'),'#연봉',0,'community/fileSave/default_info.png',74,1,1);
Insert into BOARD (BD_CODE,BD_NUM,M_ID,SUBJECT,CONTENT,CATEGORY,READ_COUNT,REG_DATE,TAGS,IS_ADOPTED,FILE_NAME,REF,RE_STEP,RE_LEVEL) values (1,76,'iin22','더미용','냉무',null,0,to_date('21/01/03','RR/MM/DD'),'#연봉',0,'community/fileSave/default_info.png',76,1,1);
Insert into BOARD (BD_CODE,BD_NUM,M_ID,SUBJECT,CONTENT,CATEGORY,READ_COUNT,REG_DATE,TAGS,IS_ADOPTED,FILE_NAME,REF,RE_STEP,RE_LEVEL) values (1,77,'iin22','더미용','냉무',null,0,to_date('21/01/03','RR/MM/DD'),'#연봉',0,'community/fileSave/default_info.png',77,1,1);
Insert into BOARD (BD_CODE,BD_NUM,M_ID,SUBJECT,CONTENT,CATEGORY,READ_COUNT,REG_DATE,TAGS,IS_ADOPTED,FILE_NAME,REF,RE_STEP,RE_LEVEL) values (1,79,'iin22','더미용','냉무',null,0,to_date('21/01/03','RR/MM/DD'),'#연봉',0,'community/fileSave/default_info.png',79,1,1);
Insert into BOARD (BD_CODE,BD_NUM,M_ID,SUBJECT,CONTENT,CATEGORY,READ_COUNT,REG_DATE,TAGS,IS_ADOPTED,FILE_NAME,REF,RE_STEP,RE_LEVEL) values (1,81,'iin22','더미용','냉무',null,0,to_date('21/01/03','RR/MM/DD'),'#연봉',0,'community/fileSave/default_info.png',81,1,1);
Insert into BOARD (BD_CODE,BD_NUM,M_ID,SUBJECT,CONTENT,CATEGORY,READ_COUNT,REG_DATE,TAGS,IS_ADOPTED,FILE_NAME,REF,RE_STEP,RE_LEVEL) values (1,82,'iin22','더미용','냉무',null,0,to_date('21/01/03','RR/MM/DD'),'#연봉',0,'community/fileSave/default_info.png',82,1,1);
Insert into BOARD (BD_CODE,BD_NUM,M_ID,SUBJECT,CONTENT,CATEGORY,READ_COUNT,REG_DATE,TAGS,IS_ADOPTED,FILE_NAME,REF,RE_STEP,RE_LEVEL) values (1,84,'iin22','더미용','냉무',null,0,to_date('21/01/03','RR/MM/DD'),'#연봉',0,'community/fileSave/default_info.png',84,1,1);
Insert into BOARD (BD_CODE,BD_NUM,M_ID,SUBJECT,CONTENT,CATEGORY,READ_COUNT,REG_DATE,TAGS,IS_ADOPTED,FILE_NAME,REF,RE_STEP,RE_LEVEL) values (1,86,'iin22','더미용','냉무',null,0,to_date('21/01/03','RR/MM/DD'),'#연봉',0,'community/fileSave/default_info.png',86,1,1);
Insert into BOARD (BD_CODE,BD_NUM,M_ID,SUBJECT,CONTENT,CATEGORY,READ_COUNT,REG_DATE,TAGS,IS_ADOPTED,FILE_NAME,REF,RE_STEP,RE_LEVEL) values (1,87,'iin22','더미용','냉무',null,0,to_date('21/01/03','RR/MM/DD'),'#연봉',0,'community/fileSave/default_info.png',87,1,1);
Insert into BOARD (BD_CODE,BD_NUM,M_ID,SUBJECT,CONTENT,CATEGORY,READ_COUNT,REG_DATE,TAGS,IS_ADOPTED,FILE_NAME,REF,RE_STEP,RE_LEVEL) values (1,89,'iin22','더미용','냉무',null,0,to_date('21/01/03','RR/MM/DD'),'#연봉',0,'community/fileSave/default_info.png',89,1,1);
Insert into BOARD (BD_CODE,BD_NUM,M_ID,SUBJECT,CONTENT,CATEGORY,READ_COUNT,REG_DATE,TAGS,IS_ADOPTED,FILE_NAME,REF,RE_STEP,RE_LEVEL) values (1,91,'iin22','더미용','냉무',null,0,to_date('21/01/03','RR/MM/DD'),'#연봉',0,'community/fileSave/default_info.png',91,1,1);
Insert into BOARD (BD_CODE,BD_NUM,M_ID,SUBJECT,CONTENT,CATEGORY,READ_COUNT,REG_DATE,TAGS,IS_ADOPTED,FILE_NAME,REF,RE_STEP,RE_LEVEL) values (1,92,'iin22','더미용','냉무',null,0,to_date('21/01/03','RR/MM/DD'),'#연봉',0,'community/fileSave/default_info.png',92,1,1);
Insert into BOARD (BD_CODE,BD_NUM,M_ID,SUBJECT,CONTENT,CATEGORY,READ_COUNT,REG_DATE,TAGS,IS_ADOPTED,FILE_NAME,REF,RE_STEP,RE_LEVEL) values (1,93,'iin22','더미용','냉무',null,0,to_date('21/01/03','RR/MM/DD'),'#연봉',0,'community/fileSave/default_info.png',93,1,1);

REM INSERTING into COMMENTS
SET DEFINE OFF;
Insert into COMMENTS (BD_CODE,BD_NUM,BD_CM_NUM,M_ID,CONTENT,REG_DATE,REF,RE_STEP,RE_LEVEL) values (1,1,1,'iin44','꿀팁감사합니다!!',to_date('21/05/29','RR/MM/DD'),1,1,1);
Insert into COMMENTS (BD_CODE,BD_NUM,BD_CM_NUM,M_ID,CONTENT,REG_DATE,REF,RE_STEP,RE_LEVEL) values (1,1,3,'iin22','네^^',to_date('21/05/29','RR/MM/DD'),1,2,2);
Insert into COMMENTS (BD_CODE,BD_NUM,BD_CM_NUM,M_ID,CONTENT,REG_DATE,REF,RE_STEP,RE_LEVEL) values (1,1,5,'iin22','대댓글테스트용5',to_date('21/05/30','RR/MM/DD'),1,3,2);
Insert into COMMENTS (BD_CODE,BD_NUM,BD_CM_NUM,M_ID,CONTENT,REG_DATE,REF,RE_STEP,RE_LEVEL) values (1,1,7,'iin22','대댓글테스트용7',to_date('21/05/30','RR/MM/DD'),1,4,3);
Insert into COMMENTS (BD_CODE,BD_NUM,BD_CM_NUM,M_ID,CONTENT,REG_DATE,REF,RE_STEP,RE_LEVEL) values (1,1,6,'iin22','대댓글테스트용6',to_date('21/05/30','RR/MM/DD'),1,5,2);
Insert into COMMENTS (BD_CODE,BD_NUM,BD_CM_NUM,M_ID,CONTENT,REG_DATE,REF,RE_STEP,RE_LEVEL) values (1,1,2,'iin33','좋아요',to_date('21/05/29','RR/MM/DD'),2,1,1);
Insert into COMMENTS (BD_CODE,BD_NUM,BD_CM_NUM,M_ID,CONTENT,REG_DATE,REF,RE_STEP,RE_LEVEL) values (1,1,4,'iin44','굿굿',to_date('21/05/29','RR/MM/DD'),4,1,1);
Insert into COMMENTS (BD_CODE,BD_NUM,BD_CM_NUM,M_ID,CONTENT,REG_DATE,REF,RE_STEP,RE_LEVEL) values (1,131,1,'iin44','꿀팁감사합니다!!',to_date('21/05/29','RR/MM/DD'),1,1,1);
Insert into COMMENTS (BD_CODE,BD_NUM,BD_CM_NUM,M_ID,CONTENT,REG_DATE,REF,RE_STEP,RE_LEVEL) values (1,131,3,'iin22','네^^',to_date('21/05/29','RR/MM/DD'),1,2,2);
Insert into COMMENTS (BD_CODE,BD_NUM,BD_CM_NUM,M_ID,CONTENT,REG_DATE,REF,RE_STEP,RE_LEVEL) values (1,131,5,'iin22','대댓글테스트용5',to_date('21/05/30','RR/MM/DD'),1,3,2);
Insert into COMMENTS (BD_CODE,BD_NUM,BD_CM_NUM,M_ID,CONTENT,REG_DATE,REF,RE_STEP,RE_LEVEL) values (1,131,7,'iin22','대댓글테스트용7',to_date('21/05/30','RR/MM/DD'),1,4,3);
Insert into COMMENTS (BD_CODE,BD_NUM,BD_CM_NUM,M_ID,CONTENT,REG_DATE,REF,RE_STEP,RE_LEVEL) values (1,131,6,'iin22','대댓글테스트용6',to_date('21/05/30','RR/MM/DD'),1,5,2);
Insert into COMMENTS (BD_CODE,BD_NUM,BD_CM_NUM,M_ID,CONTENT,REG_DATE,REF,RE_STEP,RE_LEVEL) values (1,131,2,'iin33','좋아요',to_date('21/05/29','RR/MM/DD'),2,1,1);
Insert into COMMENTS (BD_CODE,BD_NUM,BD_CM_NUM,M_ID,CONTENT,REG_DATE,REF,RE_STEP,RE_LEVEL) values (1,131,4,'iin44','굿굿',to_date('21/05/29','RR/MM/DD'),4,1,1);
Insert into COMMENTS (BD_CODE,BD_NUM,BD_CM_NUM,M_ID,CONTENT,REG_DATE,REF,RE_STEP,RE_LEVEL) values (1,145,1,'iin22','정말좋네요',to_date('21/06/20','RR/MM/DD'),1,1,1);
Insert into COMMENTS (BD_CODE,BD_NUM,BD_CM_NUM,M_ID,CONTENT,REG_DATE,REF,RE_STEP,RE_LEVEL) values (1,145,2,'iin22','그러게요',to_date('21/06/20','RR/MM/DD'),1,2,2);
Insert into COMMENTS (BD_CODE,BD_NUM,BD_CM_NUM,M_ID,CONTENT,REG_DATE,REF,RE_STEP,RE_LEVEL) values (2,146,1,'iin22','응원합니다.',to_date('21/06/20','RR/MM/DD'),1,1,1);
Insert into COMMENTS (BD_CODE,BD_NUM,BD_CM_NUM,M_ID,CONTENT,REG_DATE,REF,RE_STEP,RE_LEVEL) values (2,146,2,'iin22','화이팅!!',to_date('21/06/20','RR/MM/DD'),2,1,1);
Insert into COMMENTS (BD_CODE,BD_NUM,BD_CM_NUM,M_ID,CONTENT,REG_DATE,REF,RE_STEP,RE_LEVEL) values (2,146,3,'iin22','감사합니다.',to_date('21/06/20','RR/MM/DD'),1,2,2);
REM INSERTING into COMMONCODE
SET DEFINE OFF;
Insert into COMMONCODE (BCLASS,MCLASS,CLVALUE) values (10,0,'지역');
Insert into COMMONCODE (BCLASS,MCLASS,CLVALUE) values (10,10,'서울');
Insert into COMMONCODE (BCLASS,MCLASS,CLVALUE) values (10,11,'대전');
Insert into COMMONCODE (BCLASS,MCLASS,CLVALUE) values (10,12,'대구');
Insert into COMMONCODE (BCLASS,MCLASS,CLVALUE) values (10,13,'부산');
Insert into COMMONCODE (BCLASS,MCLASS,CLVALUE) values (10,14,'광주');
Insert into COMMONCODE (BCLASS,MCLASS,CLVALUE) values (10,15,'경기');
Insert into COMMONCODE (BCLASS,MCLASS,CLVALUE) values (10,16,'강원');
Insert into COMMONCODE (BCLASS,MCLASS,CLVALUE) values (10,17,'충청');
Insert into COMMONCODE (BCLASS,MCLASS,CLVALUE) values (10,18,'호남');
Insert into COMMONCODE (BCLASS,MCLASS,CLVALUE) values (10,19,'영남');
Insert into COMMONCODE (BCLASS,MCLASS,CLVALUE) values (10,20,'제주');
Insert into COMMONCODE (BCLASS,MCLASS,CLVALUE) values (20,0,'업종');
Insert into COMMONCODE (BCLASS,MCLASS,CLVALUE) values (20,10,'IT');
Insert into COMMONCODE (BCLASS,MCLASS,CLVALUE) values (20,11,'금융');
Insert into COMMONCODE (BCLASS,MCLASS,CLVALUE) values (20,12,'의료');
Insert into COMMONCODE (BCLASS,MCLASS,CLVALUE) values (20,13,'서비스');
Insert into COMMONCODE (BCLASS,MCLASS,CLVALUE) values (30,0,'근무형태');
Insert into COMMONCODE (BCLASS,MCLASS,CLVALUE) values (30,10,'정규직');
Insert into COMMONCODE (BCLASS,MCLASS,CLVALUE) values (30,11,'계약직');
Insert into COMMONCODE (BCLASS,MCLASS,CLVALUE) values (30,12,'인턴');

REM INSERTING into CLASSIFY
SET DEFINE OFF;
Insert into CLASSIFY (RC_NUM,BCLASS,MCLASS) values (1000,10,10);
Insert into CLASSIFY (RC_NUM,BCLASS,MCLASS) values (1000,20,13);
Insert into CLASSIFY (RC_NUM,BCLASS,MCLASS) values (1000,30,10);
Insert into CLASSIFY (RC_NUM,BCLASS,MCLASS) values (1001,10,10);
Insert into CLASSIFY (RC_NUM,BCLASS,MCLASS) values (1001,20,10);
Insert into CLASSIFY (RC_NUM,BCLASS,MCLASS) values (1001,30,10);
Insert into CLASSIFY (RC_NUM,BCLASS,MCLASS) values (1002,10,10);
Insert into CLASSIFY (RC_NUM,BCLASS,MCLASS) values (1002,20,13);
Insert into CLASSIFY (RC_NUM,BCLASS,MCLASS) values (1002,30,11);
Insert into CLASSIFY (RC_NUM,BCLASS,MCLASS) values (1003,10,10);
Insert into CLASSIFY (RC_NUM,BCLASS,MCLASS) values (1003,20,10);
Insert into CLASSIFY (RC_NUM,BCLASS,MCLASS) values (1003,30,10);
Insert into CLASSIFY (RC_NUM,BCLASS,MCLASS) values (1004,10,16);
Insert into CLASSIFY (RC_NUM,BCLASS,MCLASS) values (1004,20,10);
Insert into CLASSIFY (RC_NUM,BCLASS,MCLASS) values (1004,30,12);
Insert into CLASSIFY (RC_NUM,BCLASS,MCLASS) values (1005,10,18);
Insert into CLASSIFY (RC_NUM,BCLASS,MCLASS) values (1005,20,12);
Insert into CLASSIFY (RC_NUM,BCLASS,MCLASS) values (1005,30,11);
Insert into CLASSIFY (RC_NUM,BCLASS,MCLASS) values (1006,10,15);
Insert into CLASSIFY (RC_NUM,BCLASS,MCLASS) values (1006,20,13);
Insert into CLASSIFY (RC_NUM,BCLASS,MCLASS) values (1006,30,10);
Insert into CLASSIFY (RC_NUM,BCLASS,MCLASS) values (1007,10,10);
Insert into CLASSIFY (RC_NUM,BCLASS,MCLASS) values (1007,20,13);
Insert into CLASSIFY (RC_NUM,BCLASS,MCLASS) values (1007,30,10);
Insert into CLASSIFY (RC_NUM,BCLASS,MCLASS) values (1008,10,10);
Insert into CLASSIFY (RC_NUM,BCLASS,MCLASS) values (1008,20,11);
Insert into CLASSIFY (RC_NUM,BCLASS,MCLASS) values (1008,30,10);

